,timestamp,day,x-axis,y-axis,z-axis
0,2019-02-26 14:28:01,Tuesday,-0.9,-0.308,-0.168
0,2019-02-26 14:29:00,Tuesday,-0.9,-0.312,-0.176
0,2019-02-26 14:29:08,Tuesday,-0.896,-0.304,-0.176
0,2019-02-26 14:29:12,Tuesday,-0.9,-0.308,-0.172
0,2019-02-26 14:29:17,Tuesday,-0.908,-0.3,-0.18
0,2019-02-26 14:29:24,Tuesday,-0.204,-0.656,0.188
0,2019-02-26 14:29:26,Tuesday,0.376,-1.148,1.008
0,2019-02-26 14:29:30,Tuesday,-0.22,-0.62,0.416
0,2019-02-26 14:29:33,Tuesday,0.104,-0.864,-0.548
0,2019-02-26 14:29:35,Tuesday,-0.144,-0.732,0.548
0,2019-02-26 14:29:38,Tuesday,0.544,-0.688,-0.796
0,2019-02-26 14:29:40,Tuesday,0.032,-1.04,0.108
0,2019-02-26 14:29:43,Tuesday,0.156,-0.88,0.384
0,2019-02-26 14:29:45,Tuesday,0.136,-0.808,0.452
0,2019-02-26 14:29:48,Tuesday,0.104,-0.824,0.42
0,2019-02-26 14:29:52,Tuesday,0.136,-0.82,-0.348
0,2019-02-26 14:29:55,Tuesday,0.224,-0.924,0.68
0,2019-02-26 14:29:57,Tuesday,0.044,-0.984,0.02
0,2019-02-26 14:29:59,Tuesday,-1.576,-0.664,-0.084
0,2019-02-26 14:30:02,Tuesday,-0.728,-0.768,-0.028
0,2019-02-26 14:30:04,Tuesday,-0.364,-0.344,-0.896
0,2019-02-26 14:30:06,Tuesday,-0.176,-0.968,0.54
0,2019-02-26 14:30:09,Tuesday,0.048,-0.868,0.42
0,2019-02-26 14:30:11,Tuesday,0.028,-0.872,0.46
0,2019-02-26 14:30:14,Tuesday,0.004,-0.856,0.364
0,2019-02-26 14:30:16,Tuesday,-0.008,-0.7,0.552
0,2019-02-26 14:30:18,Tuesday,-0.056,-0.788,0.544
0,2019-02-26 14:30:21,Tuesday,-0.064,-0.84,0.588
0,2019-02-26 14:30:23,Tuesday,0.048,-0.728,0.612
0,2019-02-26 14:30:25,Tuesday,0.02,-0.776,0.536
0,2019-02-26 14:30:28,Tuesday,0.108,-0.712,0.604
0,2019-02-26 14:30:30,Tuesday,-0.512,-0.748,0.684
0,2019-02-26 14:30:32,Tuesday,0.648,-0.556,0.82
0,2019-02-26 14:30:34,Tuesday,-0.66,-0.692,0.888
0,2019-02-26 14:30:37,Tuesday,0.9,-1.096,1.024
0,2019-02-26 14:30:39,Tuesday,0.568,-0.504,1.248
0,2019-02-26 14:30:41,Tuesday,-0.652,-0.328,1.316
0,2019-02-26 14:30:44,Tuesday,-0.272,-0.176,1.376
0,2019-02-26 14:30:46,Tuesday,0.648,-0.648,0.72
0,2019-02-26 14:30:48,Tuesday,-0.34,-0.48,0.928
0,2019-02-26 14:30:51,Tuesday,1.048,-0.888,1.188
0,2019-02-26 14:30:54,Tuesday,-0.532,-0.52,0.444
0,2019-02-26 14:30:56,Tuesday,-0.092,-0.816,0.46
0,2019-02-26 14:30:58,Tuesday,-0.024,-0.828,0.46
0,2019-02-26 14:31:01,Tuesday,-0.272,-0.432,0.348
0,2019-02-26 14:31:03,Tuesday,0.084,-0.98,0.324
0,2019-02-26 14:31:05,Tuesday,0.024,-0.8,0.208
0,2019-02-26 14:31:08,Tuesday,0.476,-0.84,0.128
0,2019-02-26 14:31:10,Tuesday,0.288,-1.008,0.088
0,2019-02-26 14:31:12,Tuesday,-0.02,-1.044,0.144
0,2019-02-26 14:31:15,Tuesday,0.156,-0.776,0.452
0,2019-02-26 14:31:18,Tuesday,-0.264,-0.752,0.076
0,2019-02-26 14:31:21,Tuesday,-0.912,-0.116,-0.348
0,2019-02-26 14:31:24,Tuesday,0.704,-0.572,0.48
0,2019-02-26 14:31:28,Tuesday,1.12,-0.084,0.736
0,2019-02-26 14:31:32,Tuesday,0.696,-0.204,0.808
0,2019-02-26 14:31:36,Tuesday,0.524,-0.176,0.672
0,2019-02-26 14:31:39,Tuesday,0.536,-0.064,0.672
0,2019-02-26 14:31:42,Tuesday,0.656,-0.1,0.836
0,2019-02-26 14:31:45,Tuesday,0.672,-0.152,0.744
0,2019-02-26 14:31:48,Tuesday,0.048,-1.0,0.096
0,2019-02-26 14:31:52,Tuesday,0.184,-0.824,0.444
0,2019-02-26 14:31:55,Tuesday,-0.088,-1.092,0.244
0,2019-02-26 14:31:57,Tuesday,0.948,0.088,0.348
0,2019-02-26 14:32:00,Tuesday,1.184,0.052,0.44
0,2019-02-26 14:32:03,Tuesday,0.616,-0.08,0.708
0,2019-02-26 14:32:05,Tuesday,-0.164,-0.184,0.584
0,2019-02-26 14:32:09,Tuesday,-0.376,-0.484,1.032
0,2019-02-26 14:32:11,Tuesday,-0.012,-0.668,1.504
0,2019-02-26 14:32:14,Tuesday,0.192,-0.852,0.604
0,2019-02-26 14:32:16,Tuesday,1.052,0.208,0.732
0,2019-02-26 14:32:19,Tuesday,0.292,-0.628,0.04
0,2019-02-26 14:32:21,Tuesday,-0.652,-0.716,-0.048
0,2019-02-26 14:49:41,Tuesday,-0.732,-0.64,-0.068
0,2019-02-26 14:49:44,Tuesday,-0.732,-0.636,-0.068
0,2019-02-26 14:49:46,Tuesday,-0.748,-0.648,-0.068
0,2019-02-26 14:49:49,Tuesday,-0.732,-0.632,-0.068
0,2019-02-26 14:49:53,Tuesday,-0.732,-0.636,-0.076
0,2019-02-26 14:49:56,Tuesday,-0.732,-0.632,-0.072
0,2019-02-26 14:49:58,Tuesday,-0.732,-0.636,-0.076
0,2019-02-26 14:50:00,Tuesday,-0.724,-0.636,-0.08
0,2019-02-26 14:50:03,Tuesday,-0.728,-0.632,-0.072
0,2019-02-26 14:50:05,Tuesday,-0.728,-0.636,-0.076
0,2019-02-26 14:50:08,Tuesday,-0.736,-0.636,-0.072
0,2019-02-26 14:50:10,Tuesday,-0.732,-0.636,-0.06
0,2019-02-26 14:50:13,Tuesday,-0.728,-0.636,-0.064
0,2019-02-26 14:50:15,Tuesday,-0.732,-0.644,-0.072
0,2019-02-26 14:50:17,Tuesday,-0.728,-0.632,-0.076
0,2019-02-26 14:50:20,Tuesday,-0.74,-0.636,-0.068
0,2019-02-26 14:50:22,Tuesday,-0.732,-0.636,-0.08
0,2019-02-26 14:50:25,Tuesday,-0.732,-0.632,-0.072
0,2019-02-26 14:50:27,Tuesday,-0.728,-0.628,-0.068
0,2019-02-26 14:50:29,Tuesday,-0.736,-0.632,-0.072
0,2019-02-26 14:50:32,Tuesday,-0.724,-0.632,-0.08
0,2019-02-26 14:50:34,Tuesday,-0.728,-0.632,-0.068
0,2019-02-26 14:50:37,Tuesday,-0.724,-0.632,-0.08
0,2019-02-26 14:50:39,Tuesday,-0.728,-0.636,-0.072
0,2019-02-26 14:50:42,Tuesday,-0.736,-0.628,-0.084
0,2019-02-26 14:50:44,Tuesday,-0.736,-0.648,-0.068
0,2019-02-26 14:50:47,Tuesday,-0.728,-0.648,-0.068
0,2019-02-26 14:50:49,Tuesday,-0.72,-0.632,-0.044
0,2019-02-26 14:50:52,Tuesday,-0.736,-0.632,-0.072
0,2019-02-26 14:50:55,Tuesday,-0.732,-0.624,-0.076
0,2019-02-26 14:50:57,Tuesday,-0.736,-0.628,-0.076
0,2019-02-26 14:50:59,Tuesday,-0.732,-0.628,-0.076
0,2019-02-26 14:51:02,Tuesday,-0.732,-0.632,-0.068
0,2019-02-26 14:51:04,Tuesday,-0.728,-0.632,-0.072
0,2019-02-26 14:51:06,Tuesday,-0.732,-0.632,-0.076
0,2019-02-26 14:51:09,Tuesday,-0.736,-0.628,-0.076
0,2019-02-26 14:51:11,Tuesday,-0.732,-0.62,-0.08
0,2019-02-26 14:51:13,Tuesday,-0.74,-0.636,-0.076
0,2019-02-26 14:51:16,Tuesday,-0.732,-0.632,-0.08
0,2019-02-26 14:51:18,Tuesday,-0.732,-0.624,-0.072
0,2019-02-26 14:51:21,Tuesday,-0.728,-0.632,-0.076
0,2019-02-26 14:51:23,Tuesday,-0.736,-0.628,-0.076
0,2019-02-26 14:51:26,Tuesday,-0.732,-0.628,-0.076
0,2019-02-26 14:51:28,Tuesday,-0.736,-0.636,-0.08
0,2019-02-26 14:51:31,Tuesday,-0.732,-0.628,-0.068
0,2019-02-26 14:51:33,Tuesday,-0.736,-0.628,-0.076
0,2019-02-26 14:51:35,Tuesday,-0.736,-0.628,-0.072
0,2019-02-26 14:51:38,Tuesday,-0.732,-0.632,-0.072
0,2019-02-26 14:51:40,Tuesday,-0.732,-0.628,-0.072
0,2019-02-26 14:51:43,Tuesday,-0.732,-0.628,-0.076
0,2019-02-26 14:51:45,Tuesday,-0.736,-0.624,-0.076
0,2019-02-26 14:51:47,Tuesday,-0.728,-0.632,-0.072
0,2019-02-26 14:51:50,Tuesday,-0.728,-0.632,-0.072
0,2019-02-26 14:51:53,Tuesday,-0.74,-0.628,-0.068
0,2019-02-26 14:51:55,Tuesday,-0.736,-0.636,-0.064
0,2019-02-26 14:51:57,Tuesday,-0.728,-0.624,-0.076
0,2019-02-26 14:52:00,Tuesday,-0.736,-0.624,-0.08
0,2019-02-26 14:52:02,Tuesday,-0.736,-0.628,-0.08
0,2019-02-26 14:52:04,Tuesday,-0.732,-0.624,-0.076
0,2019-02-26 14:52:07,Tuesday,-0.716,-0.616,-0.072
0,2019-02-26 14:52:09,Tuesday,-0.736,-0.632,-0.072
0,2019-02-26 14:52:12,Tuesday,-0.732,-0.628,-0.064
0,2019-02-26 14:52:14,Tuesday,-0.736,-0.624,-0.072
0,2019-02-26 14:52:17,Tuesday,-0.728,-0.628,-0.08
0,2019-02-26 14:52:19,Tuesday,-0.728,-0.628,-0.076
0,2019-02-26 14:52:22,Tuesday,-0.736,-0.628,-0.084
0,2019-02-26 14:52:24,Tuesday,-0.74,-0.64,-0.076
0,2019-02-26 14:52:27,Tuesday,-0.724,-0.624,-0.068
0,2019-02-26 14:52:29,Tuesday,-0.732,-0.632,-0.068
0,2019-02-26 14:52:32,Tuesday,-0.74,-0.628,-0.084
0,2019-02-26 14:52:34,Tuesday,-0.736,-0.632,-0.08
0,2019-02-26 14:52:36,Tuesday,-0.74,-0.624,-0.076
0,2019-02-26 14:52:39,Tuesday,-0.736,-0.628,-0.076
0,2019-02-26 14:52:41,Tuesday,-0.74,-0.624,-0.072
0,2019-02-26 14:52:43,Tuesday,-0.736,-0.628,-0.08
0,2019-02-26 14:52:46,Tuesday,-0.744,-0.632,-0.08
0,2019-02-26 14:52:48,Tuesday,-0.732,-0.624,-0.076
0,2019-02-26 14:52:51,Tuesday,-0.732,-0.632,-0.068
0,2019-02-26 14:52:55,Tuesday,-0.732,-0.628,-0.076
0,2019-02-26 14:52:57,Tuesday,-0.736,-0.62,-0.084
0,2019-02-26 14:53:00,Tuesday,-0.744,-0.628,-0.072
0,2019-02-26 14:53:03,Tuesday,-0.736,-0.632,-0.072
0,2019-02-26 14:53:05,Tuesday,-0.748,-0.62,-0.068
0,2019-02-26 14:53:07,Tuesday,-0.736,-0.628,-0.072
0,2019-02-26 14:53:10,Tuesday,-0.744,-0.624,-0.08
0,2019-02-26 14:53:12,Tuesday,-0.732,-0.628,-0.08
0,2019-02-26 14:53:14,Tuesday,-0.728,-0.624,-0.088
0,2019-02-26 14:53:17,Tuesday,-0.756,-0.628,-0.072
0,2019-02-26 14:53:19,Tuesday,-0.732,-0.624,-0.08
0,2019-02-26 14:53:21,Tuesday,-0.744,-0.624,-0.072
0,2019-02-26 14:53:24,Tuesday,-0.736,-0.62,-0.08
0,2019-02-26 14:53:26,Tuesday,-0.736,-0.624,-0.072
0,2019-02-26 14:53:28,Tuesday,-0.74,-0.628,-0.076
0,2019-02-26 14:53:31,Tuesday,-0.744,-0.62,-0.072
0,2019-02-26 14:53:33,Tuesday,-0.744,-0.632,-0.072
0,2019-02-26 14:53:36,Tuesday,-0.744,-0.628,-0.072
0,2019-02-26 14:53:38,Tuesday,-0.736,-0.616,-0.084
0,2019-02-26 14:53:40,Tuesday,-0.736,-0.624,-0.072
0,2019-02-26 14:53:43,Tuesday,-0.736,-0.628,-0.08
0,2019-02-26 14:53:45,Tuesday,-0.74,-0.624,-0.076
0,2019-02-26 14:53:48,Tuesday,-0.744,-0.624,-0.08
0,2019-02-26 14:53:50,Tuesday,-0.744,-0.624,-0.076
0,2019-02-26 14:53:53,Tuesday,-0.74,-0.62,-0.08
0,2019-02-26 14:53:55,Tuesday,-0.736,-0.62,-0.084
0,2019-02-26 14:53:58,Tuesday,-0.736,-0.62,-0.08
0,2019-02-26 14:54:00,Tuesday,-0.736,-0.624,-0.076
0,2019-02-26 14:54:03,Tuesday,-0.736,-0.62,-0.072
0,2019-02-26 14:54:05,Tuesday,-0.736,-0.628,-0.084
0,2019-02-26 14:54:07,Tuesday,-0.732,-0.628,-0.076
0,2019-02-26 14:54:10,Tuesday,-0.736,-0.624,-0.08
0,2019-02-26 14:54:13,Tuesday,-0.74,-0.624,-0.08
0,2019-02-26 14:54:15,Tuesday,-0.736,-0.624,-0.08
0,2019-02-26 14:54:17,Tuesday,-0.74,-0.624,-0.08
0,2019-02-26 14:54:19,Tuesday,-0.736,-0.628,-0.072
0,2019-02-26 14:54:22,Tuesday,-0.744,-0.62,-0.08
0,2019-02-26 14:54:24,Tuesday,-0.74,-0.62,-0.076
0,2019-02-26 14:54:26,Tuesday,-0.744,-0.628,-0.076
0,2019-02-26 14:54:29,Tuesday,-0.736,-0.632,-0.072
0,2019-02-26 14:54:31,Tuesday,-0.744,-0.624,-0.076
0,2019-02-26 14:54:34,Tuesday,-0.736,-0.616,-0.08
0,2019-02-26 14:54:36,Tuesday,-0.744,-0.628,-0.072
0,2019-02-26 14:54:38,Tuesday,-0.744,-0.62,-0.072
0,2019-02-26 14:54:41,Tuesday,-0.736,-0.62,-0.084
0,2019-02-26 14:54:43,Tuesday,-0.736,-0.62,-0.076
0,2019-02-26 14:54:46,Tuesday,-0.736,-0.62,-0.08
0,2019-02-26 14:54:48,Tuesday,-0.74,-0.62,-0.084
0,2019-02-26 14:54:50,Tuesday,-0.74,-0.628,-0.076
0,2019-02-26 14:54:53,Tuesday,-0.732,-0.628,-0.076
0,2019-02-26 14:54:55,Tuesday,-0.736,-0.62,-0.08
0,2019-02-26 14:54:58,Tuesday,-0.744,-0.624,-0.076
0,2019-02-26 14:55:00,Tuesday,-0.74,-0.628,-0.084
0,2019-02-26 14:55:02,Tuesday,-0.736,-0.62,-0.06
0,2019-02-26 14:55:05,Tuesday,-0.732,-0.628,-0.08
0,2019-02-26 14:55:07,Tuesday,-0.74,-0.624,-0.072
0,2019-02-26 14:55:10,Tuesday,-0.74,-0.624,-0.076
0,2019-02-26 14:55:13,Tuesday,-0.736,-0.62,-0.08
0,2019-02-26 14:55:15,Tuesday,-0.748,-0.644,-0.064
0,2019-02-26 14:55:18,Tuesday,-0.74,-0.628,-0.084
0,2019-02-26 14:55:20,Tuesday,-0.736,-0.62,-0.076
0,2019-02-26 14:55:22,Tuesday,-0.744,-0.62,-0.076
0,2019-02-26 14:55:25,Tuesday,-0.744,-0.616,-0.072
0,2019-02-26 14:55:27,Tuesday,-0.74,-0.652,-0.064
0,2019-02-26 14:55:29,Tuesday,-0.736,-0.624,-0.076
0,2019-02-26 14:55:32,Tuesday,-0.744,-0.62,-0.076
0,2019-02-26 14:55:34,Tuesday,-0.744,-0.62,-0.076
0,2019-02-26 14:55:37,Tuesday,-0.74,-0.616,-0.076
0,2019-02-26 14:55:39,Tuesday,-0.736,-0.62,-0.08
0,2019-02-26 14:55:41,Tuesday,-0.752,-0.62,-0.08
0,2019-02-26 14:55:44,Tuesday,-0.744,-0.624,-0.08
0,2019-02-26 14:55:46,Tuesday,-0.744,-0.616,-0.084
0,2019-02-26 14:55:48,Tuesday,-0.748,-0.624,-0.076
0,2019-02-26 14:55:51,Tuesday,-0.744,-0.616,-0.08
0,2019-02-26 14:55:53,Tuesday,-0.74,-0.624,-0.076
0,2019-02-26 14:55:56,Tuesday,-0.74,-0.62,-0.072
0,2019-02-26 14:55:58,Tuesday,-0.744,-0.62,-0.068
0,2019-02-26 14:56:01,Tuesday,-0.744,-0.62,-0.084
0,2019-02-26 14:56:04,Tuesday,-0.74,-0.62,-0.076
0,2019-02-26 14:56:06,Tuesday,-0.744,-0.62,-0.076
0,2019-02-26 14:56:08,Tuesday,-0.744,-0.612,-0.084
0,2019-02-26 14:56:11,Tuesday,-0.744,-0.62,-0.092
0,2019-02-26 14:56:13,Tuesday,-0.74,-0.624,-0.076
0,2019-02-26 14:56:15,Tuesday,-0.74,-0.62,-0.08
0,2019-02-26 14:56:18,Tuesday,-0.748,-0.616,-0.084
0,2019-02-26 14:56:20,Tuesday,-0.74,-0.62,-0.08
0,2019-02-26 14:56:23,Tuesday,-0.744,-0.624,-0.084
0,2019-02-26 14:56:25,Tuesday,-0.748,-0.612,-0.084
0,2019-02-26 14:56:27,Tuesday,-0.748,-0.616,-0.08
0,2019-02-26 14:56:30,Tuesday,-0.74,-0.62,-0.076
0,2019-02-26 14:56:32,Tuesday,-0.744,-0.62,-0.08
0,2019-02-26 14:56:34,Tuesday,-0.744,-0.624,-0.072
0,2019-02-26 14:56:37,Tuesday,-0.724,-0.616,-0.092
0,2019-02-26 14:56:39,Tuesday,-0.748,-0.628,-0.076
0,2019-02-26 14:56:41,Tuesday,-0.696,-0.596,-0.076
0,2019-02-26 14:56:44,Tuesday,-0.728,-0.612,-0.076
0,2019-02-26 14:56:46,Tuesday,-0.76,-0.624,-0.088
0,2019-02-26 14:56:48,Tuesday,-0.752,-0.608,-0.068
0,2019-02-26 14:56:51,Tuesday,-0.744,-0.612,-0.088
0,2019-02-26 14:56:54,Tuesday,-0.744,-0.624,-0.08
0,2019-02-26 14:56:56,Tuesday,-0.748,-0.62,-0.084
0,2019-02-26 14:56:58,Tuesday,-0.748,-0.612,-0.08
0,2019-02-26 14:57:01,Tuesday,-0.732,-0.612,-0.084
0,2019-02-26 14:57:03,Tuesday,-0.724,-0.62,-0.08
0,2019-02-26 14:57:05,Tuesday,-0.744,-0.628,-0.076
0,2019-02-26 14:57:08,Tuesday,-0.74,-0.624,-0.08
0,2019-02-26 14:57:10,Tuesday,-0.748,-0.616,-0.08
0,2019-02-26 14:57:13,Tuesday,-0.74,-0.616,-0.08
0,2019-02-26 14:57:15,Tuesday,-0.74,-0.608,-0.072
0,2019-02-26 14:57:17,Tuesday,-0.736,-0.612,-0.076
0,2019-02-26 14:57:20,Tuesday,-0.736,-0.616,-0.084
0,2019-02-26 14:57:22,Tuesday,-0.748,-0.62,-0.076
0,2019-02-26 14:57:24,Tuesday,-0.748,-0.616,-0.08
0,2019-02-26 14:57:26,Tuesday,-0.736,-0.608,-0.088
0,2019-02-26 14:57:29,Tuesday,-0.752,-0.62,-0.076
0,2019-02-26 14:57:31,Tuesday,-0.744,-0.616,-0.08
0,2019-02-26 14:57:34,Tuesday,-0.748,-0.62,-0.084
0,2019-02-26 14:57:36,Tuesday,-0.744,-0.62,-0.08
0,2019-02-26 14:57:38,Tuesday,-0.74,-0.62,-0.08
0,2019-02-26 14:57:41,Tuesday,-0.744,-0.612,-0.076
0,2019-02-26 14:57:43,Tuesday,-0.736,-0.616,-0.08
0,2019-02-26 14:57:45,Tuesday,-0.748,-0.616,-0.076
0,2019-02-26 14:57:48,Tuesday,-0.748,-0.62,-0.076
0,2019-02-26 14:57:50,Tuesday,-0.744,-0.624,-0.072
0,2019-02-26 14:57:53,Tuesday,-0.748,-0.616,-0.076
0,2019-02-26 14:57:56,Tuesday,-0.744,-0.624,-0.08
0,2019-02-26 14:57:59,Tuesday,-0.74,-0.616,-0.08
0,2019-02-26 14:58:01,Tuesday,-0.748,-0.624,-0.072
0,2019-02-26 14:58:19,Tuesday,-0.74,-0.624,-0.084
0,2019-02-26 14:58:22,Tuesday,-0.74,-0.62,-0.076
0,2019-02-26 14:58:24,Tuesday,-0.744,-0.628,-0.076
0,2019-02-26 14:58:26,Tuesday,-0.748,-0.624,-0.072
0,2019-02-26 14:58:29,Tuesday,-0.74,-0.616,-0.084
0,2019-02-26 14:58:31,Tuesday,-0.74,-0.612,-0.076
0,2019-02-26 14:58:34,Tuesday,-0.744,-0.62,-0.08
0,2019-02-26 14:58:36,Tuesday,-0.748,-0.616,-0.08
0,2019-02-26 14:58:38,Tuesday,-0.74,-0.62,-0.084
0,2019-02-26 14:58:41,Tuesday,-0.748,-0.616,-0.084
0,2019-02-26 14:58:43,Tuesday,-0.748,-0.64,-0.072
0,2019-02-26 14:58:46,Tuesday,-0.74,-0.62,-0.08
0,2019-02-26 14:58:48,Tuesday,-0.748,-0.62,-0.076
0,2019-02-26 14:58:50,Tuesday,-0.744,-0.628,-0.084
0,2019-02-26 14:58:53,Tuesday,-0.748,-0.612,-0.08
0,2019-02-26 14:58:55,Tuesday,-0.748,-0.616,-0.088
0,2019-02-26 14:58:58,Tuesday,-0.744,-0.616,-0.08
0,2019-02-26 14:59:00,Tuesday,-0.744,-0.62,-0.076
0,2019-02-26 14:59:02,Tuesday,-0.744,-0.616,-0.076
0,2019-02-26 14:59:05,Tuesday,-0.744,-0.612,-0.08
0,2019-02-26 14:59:07,Tuesday,-0.748,-0.62,-0.08
0,2019-02-26 14:59:09,Tuesday,-0.76,-0.624,-0.084
0,2019-02-26 14:59:12,Tuesday,-0.744,-0.616,-0.076
0,2019-02-26 14:59:14,Tuesday,-0.74,-0.616,-0.072
0,2019-02-26 14:59:16,Tuesday,-0.728,-0.596,-0.084
0,2019-02-26 14:59:19,Tuesday,-0.744,-0.612,-0.072
0,2019-02-26 14:59:21,Tuesday,-0.748,-0.628,-0.084
0,2019-02-26 14:59:23,Tuesday,-0.74,-0.616,-0.076
0,2019-02-26 14:59:26,Tuesday,-0.748,-0.612,-0.068
0,2019-02-26 14:59:28,Tuesday,-0.744,-0.608,-0.08
0,2019-02-26 14:59:30,Tuesday,-0.748,-0.612,-0.08
0,2019-02-26 14:59:33,Tuesday,-0.736,-0.62,-0.076
0,2019-02-26 14:59:35,Tuesday,-0.744,-0.608,-0.076
0,2019-02-26 14:59:38,Tuesday,-0.752,-0.612,-0.076
0,2019-02-26 14:59:40,Tuesday,-0.76,-0.612,-0.08
0,2019-02-26 14:59:42,Tuesday,-0.744,-0.62,-0.084
0,2019-02-26 14:59:45,Tuesday,-0.74,-0.616,-0.084
0,2019-02-26 14:59:47,Tuesday,-0.744,-0.62,-0.072
0,2019-02-26 14:59:49,Tuesday,-0.748,-0.616,-0.08
0,2019-02-26 14:59:52,Tuesday,-0.744,-0.62,-0.08
0,2019-02-26 14:59:55,Tuesday,-0.744,-0.612,-0.072
0,2019-02-26 14:59:57,Tuesday,-0.744,-0.62,-0.076
0,2019-02-26 14:59:59,Tuesday,-0.744,-0.612,-0.076
0,2019-02-26 15:00:02,Tuesday,-0.74,-0.612,-0.076
0,2019-02-26 15:00:04,Tuesday,-0.744,-0.616,-0.076
0,2019-02-26 15:00:06,Tuesday,-0.736,-0.616,-0.084
0,2019-02-26 15:00:09,Tuesday,-0.744,-0.612,-0.072
0,2019-02-26 15:00:11,Tuesday,-0.752,-0.608,-0.076
0,2019-02-26 15:00:13,Tuesday,-0.736,-0.612,-0.072
0,2019-02-26 15:00:16,Tuesday,-0.74,-0.616,-0.084
0,2019-02-26 15:00:18,Tuesday,-0.744,-0.616,-0.084
0,2019-02-26 15:00:20,Tuesday,-0.744,-0.612,-0.08
0,2019-02-26 15:00:23,Tuesday,-0.744,-0.612,-0.08
0,2019-02-26 15:00:25,Tuesday,-0.744,-0.608,-0.076
0,2019-02-26 15:00:27,Tuesday,-0.744,-0.616,-0.076
0,2019-02-26 15:00:30,Tuesday,-0.748,-0.62,-0.088
0,2019-02-26 15:00:44,Tuesday,-0.744,-0.612,-0.076
0,2019-02-26 15:00:46,Tuesday,-0.74,-0.62,-0.08
0,2019-02-26 15:00:49,Tuesday,-0.752,-0.612,-0.076
0,2019-02-26 15:00:51,Tuesday,-0.752,-0.616,-0.076
0,2019-02-26 15:00:54,Tuesday,-0.748,-0.616,-0.08
0,2019-02-26 15:00:56,Tuesday,-0.744,-0.612,-0.08
0,2019-02-26 15:00:58,Tuesday,-0.748,-0.62,-0.08
0,2019-02-26 15:01:01,Tuesday,-0.748,-0.616,-0.076
0,2019-02-26 15:01:03,Tuesday,-0.74,-0.616,-0.076
0,2019-02-26 15:01:05,Tuesday,-0.744,-0.616,-0.076
0,2019-02-26 15:01:08,Tuesday,-0.748,-0.616,-0.08
0,2019-02-26 15:01:11,Tuesday,-0.748,-0.608,-0.076
0,2019-02-26 15:01:13,Tuesday,-0.744,-0.612,-0.072
0,2019-02-26 15:01:15,Tuesday,-0.748,-0.62,-0.076
0,2019-02-26 15:01:17,Tuesday,-0.748,-0.612,-0.08
0,2019-02-26 15:01:20,Tuesday,-0.744,-0.612,-0.076
0,2019-02-26 15:01:22,Tuesday,-0.744,-0.62,-0.08
0,2019-02-26 15:01:25,Tuesday,-0.74,-0.616,-0.088
0,2019-02-26 15:01:27,Tuesday,-0.748,-0.616,-0.08
0,2019-02-26 15:01:30,Tuesday,-0.74,-0.616,-0.084
0,2019-02-26 15:01:32,Tuesday,-0.752,-0.612,-0.08
0,2019-02-26 15:01:34,Tuesday,-0.744,-0.612,-0.084
0,2019-02-26 15:01:37,Tuesday,-0.744,-0.62,-0.084
0,2019-02-26 15:01:39,Tuesday,-0.744,-0.616,-0.08
0,2019-02-26 15:01:42,Tuesday,-0.732,-0.612,-0.08
0,2019-02-26 15:01:44,Tuesday,-0.744,-0.616,-0.088
0,2019-02-26 15:01:46,Tuesday,-0.748,-0.616,-0.076
0,2019-02-26 15:01:49,Tuesday,-0.712,-0.58,-0.088
0,2019-02-26 15:01:51,Tuesday,-0.74,-0.624,-0.076
0,2019-02-26 15:01:54,Tuesday,-0.744,-0.608,-0.072
0,2019-02-26 15:01:56,Tuesday,-0.748,-0.62,-0.08
0,2019-02-26 15:01:58,Tuesday,-0.744,-0.62,-0.084
0,2019-02-26 15:02:01,Tuesday,-0.764,-0.624,-0.072
0,2019-02-26 15:02:03,Tuesday,-0.752,-0.612,-0.08
0,2019-02-26 15:02:06,Tuesday,-0.744,-0.616,-0.08
0,2019-02-26 15:02:08,Tuesday,-0.752,-0.608,-0.08
0,2019-02-26 15:02:10,Tuesday,-0.744,-0.62,-0.088
0,2019-02-26 15:02:13,Tuesday,-0.748,-0.62,-0.076
0,2019-02-26 15:02:15,Tuesday,-0.748,-0.616,-0.076
0,2019-02-26 15:02:17,Tuesday,-0.748,-0.62,-0.076
0,2019-02-26 15:02:20,Tuesday,-0.748,-0.616,-0.08
0,2019-02-26 15:02:22,Tuesday,-0.748,-0.604,-0.092
0,2019-02-26 15:02:24,Tuesday,-0.748,-0.608,-0.088
0,2019-02-26 15:02:27,Tuesday,-0.748,-0.612,-0.092
0,2019-02-26 15:02:29,Tuesday,-0.748,-0.612,-0.076
0,2019-02-26 15:02:31,Tuesday,-0.756,-0.608,-0.08
0,2019-02-26 15:02:34,Tuesday,-0.748,-0.612,-0.084
0,2019-02-26 15:02:36,Tuesday,-0.752,-0.6,-0.08
0,2019-02-26 15:02:38,Tuesday,-0.752,-0.62,-0.076
0,2019-02-26 15:02:40,Tuesday,-0.744,-0.608,-0.068
0,2019-02-26 15:02:43,Tuesday,-0.748,-0.616,-0.076
0,2019-02-26 15:02:45,Tuesday,-0.748,-0.612,-0.08
0,2019-02-26 15:02:48,Tuesday,-0.748,-0.608,-0.076
0,2019-02-26 15:02:50,Tuesday,-0.748,-0.612,-0.072
0,2019-02-26 15:02:53,Tuesday,-0.748,-0.612,-0.08
0,2019-02-26 15:02:56,Tuesday,-0.76,-0.612,-0.076
0,2019-02-26 15:02:58,Tuesday,-0.752,-0.616,-0.076
0,2019-02-26 15:03:01,Tuesday,-0.748,-0.604,-0.08
0,2019-02-26 15:03:03,Tuesday,-0.752,-0.608,-0.084
0,2019-02-26 15:03:05,Tuesday,-0.768,-0.62,-0.096
0,2019-02-26 15:03:08,Tuesday,-0.748,-0.612,-0.08
0,2019-02-26 15:03:10,Tuesday,-0.752,-0.616,-0.076
0,2019-02-26 15:03:13,Tuesday,-0.748,-0.608,-0.08
0,2019-02-26 15:03:16,Tuesday,-0.752,-0.616,-0.08
0,2019-02-26 15:03:18,Tuesday,-0.748,-0.608,-0.08
0,2019-02-26 15:03:20,Tuesday,-0.752,-0.608,-0.084
0,2019-02-26 15:03:23,Tuesday,-0.744,-0.608,-0.08
0,2019-02-26 15:03:25,Tuesday,-0.748,-0.616,-0.08
0,2019-02-26 15:03:28,Tuesday,-0.752,-0.62,-0.084
0,2019-02-26 15:03:30,Tuesday,-0.756,-0.612,-0.08
0,2019-02-26 15:03:33,Tuesday,-0.748,-0.616,-0.084
0,2019-02-26 15:03:36,Tuesday,-0.744,-0.612,-0.08
0,2019-02-26 15:03:38,Tuesday,-0.756,-0.608,-0.084
0,2019-02-26 15:03:40,Tuesday,-0.752,-0.612,-0.076
0,2019-02-26 15:03:43,Tuesday,-0.752,-0.62,-0.072
0,2019-02-26 15:03:45,Tuesday,-0.744,-0.608,-0.088
0,2019-02-26 15:03:48,Tuesday,-0.748,-0.604,-0.088
0,2019-02-26 15:03:50,Tuesday,-0.744,-0.612,-0.08
0,2019-02-26 15:03:53,Tuesday,-0.748,-0.612,-0.076
0,2019-02-26 15:03:55,Tuesday,-0.76,-0.612,-0.08
0,2019-02-26 15:03:57,Tuesday,-0.744,-0.608,-0.08
0,2019-02-26 15:04:00,Tuesday,-0.756,-0.608,-0.084
0,2019-02-26 15:04:02,Tuesday,-0.748,-0.608,-0.08
0,2019-02-26 15:04:04,Tuesday,-0.768,-0.628,-0.08
0,2019-02-26 15:04:07,Tuesday,-0.748,-0.612,-0.08
0,2019-02-26 15:04:09,Tuesday,-0.752,-0.612,-0.072
0,2019-02-26 15:04:12,Tuesday,-0.744,-0.612,-0.08
0,2019-02-26 15:04:14,Tuesday,-0.748,-0.604,-0.084
0,2019-02-26 15:04:16,Tuesday,-0.748,-0.616,-0.084
0,2019-02-26 15:04:19,Tuesday,-0.744,-0.612,-0.088
0,2019-02-26 15:04:21,Tuesday,-0.752,-0.616,-0.084
0,2019-02-26 15:04:23,Tuesday,-0.736,-0.6,-0.092
0,2019-02-26 15:04:26,Tuesday,-0.748,-0.616,-0.08
0,2019-02-26 15:04:28,Tuesday,-0.748,-0.612,-0.084
0,2019-02-26 15:04:30,Tuesday,-0.744,-0.612,-0.084
0,2019-02-26 15:04:33,Tuesday,-0.748,-0.612,-0.076
0,2019-02-26 15:04:35,Tuesday,-0.748,-0.612,-0.08
0,2019-02-26 15:04:38,Tuesday,-0.748,-0.62,-0.08
0,2019-02-26 15:04:41,Tuesday,-0.744,-0.616,-0.076
0,2019-02-26 15:04:44,Tuesday,-0.748,-0.62,-0.084
0,2019-02-26 15:04:46,Tuesday,-0.744,-0.612,-0.076
0,2019-02-26 15:04:48,Tuesday,-0.748,-0.608,-0.08
0,2019-02-26 15:04:51,Tuesday,-0.744,-0.612,-0.08
0,2019-02-26 15:04:54,Tuesday,-0.752,-0.608,-0.084
0,2019-02-26 15:04:56,Tuesday,-0.744,-0.608,-0.084
0,2019-02-26 15:04:58,Tuesday,-0.752,-0.612,-0.08
0,2019-02-26 15:05:01,Tuesday,-0.756,-0.612,-0.084
0,2019-02-26 15:05:03,Tuesday,-0.752,-0.612,-0.08
0,2019-02-26 15:05:05,Tuesday,-0.756,-0.612,-0.088
0,2019-02-26 15:05:08,Tuesday,-0.748,-0.608,-0.084
0,2019-02-26 15:05:10,Tuesday,-0.752,-0.608,-0.088
0,2019-02-26 15:05:12,Tuesday,-0.744,-0.616,-0.08
0,2019-02-26 15:05:15,Tuesday,-0.744,-0.612,-0.088
0,2019-02-26 15:05:17,Tuesday,-0.752,-0.612,-0.088
0,2019-02-26 15:05:19,Tuesday,-0.748,-0.608,-0.084
0,2019-02-26 15:05:22,Tuesday,-0.748,-0.612,-0.072
0,2019-02-26 15:05:24,Tuesday,-0.752,-0.604,-0.076
0,2019-02-26 15:05:26,Tuesday,-0.744,-0.608,-0.084
0,2019-02-26 15:05:29,Tuesday,-0.756,-0.616,-0.092
0,2019-02-26 15:05:31,Tuesday,-0.728,-0.58,-0.088
0,2019-02-26 15:05:33,Tuesday,-0.752,-0.608,-0.084
0,2019-02-26 15:05:36,Tuesday,-0.748,-0.608,-0.08
0,2019-02-26 15:05:38,Tuesday,-0.744,-0.616,-0.08
0,2019-02-26 15:05:40,Tuesday,-0.752,-0.608,-0.088
0,2019-02-26 15:05:43,Tuesday,-0.756,-0.616,-0.076
0,2019-02-26 15:05:45,Tuesday,-0.752,-0.608,-0.08
0,2019-02-26 15:05:47,Tuesday,-0.756,-0.612,-0.084
0,2019-02-26 15:05:50,Tuesday,-0.748,-0.604,-0.084
0,2019-02-26 15:05:52,Tuesday,-0.748,-0.612,-0.08
0,2019-02-26 15:05:55,Tuesday,-0.752,-0.608,-0.088
0,2019-02-26 15:05:57,Tuesday,-0.756,-0.604,-0.08
0,2019-02-26 15:05:59,Tuesday,-0.744,-0.608,-0.084
0,2019-02-26 15:06:02,Tuesday,-0.744,-0.608,-0.088
0,2019-02-26 15:06:04,Tuesday,-0.748,-0.608,-0.08
0,2019-02-26 15:06:06,Tuesday,-0.748,-0.608,-0.076
0,2019-02-26 16:24:34,Tuesday,0.816,0.684,-0.304
0,2019-02-26 16:24:36,Tuesday,0.812,0.688,-0.312
0,2019-02-26 16:24:38,Tuesday,0.816,0.684,-0.312
0,2019-02-26 16:24:41,Tuesday,0.816,0.676,-0.32
0,2019-02-26 16:24:43,Tuesday,0.816,0.684,-0.308
0,2019-02-26 16:24:46,Tuesday,0.82,0.676,-0.304
0,2019-02-26 16:24:48,Tuesday,0.82,0.684,-0.312
0,2019-02-26 16:24:51,Tuesday,0.82,0.676,-0.304
0,2019-02-26 16:24:53,Tuesday,0.812,0.68,-0.316
0,2019-02-26 16:24:56,Tuesday,0.808,0.684,-0.308
0,2019-02-26 16:24:58,Tuesday,0.816,0.68,-0.316
0,2019-02-26 16:25:01,Tuesday,0.812,0.684,-0.308
0,2019-02-26 16:25:03,Tuesday,0.816,0.688,-0.312
0,2019-02-26 16:25:05,Tuesday,0.816,0.68,-0.312
0,2019-02-26 16:25:08,Tuesday,0.812,0.68,-0.312
0,2019-02-26 16:25:11,Tuesday,0.812,0.684,-0.304
0,2019-02-26 16:25:13,Tuesday,0.812,0.68,-0.316
0,2019-02-26 16:25:16,Tuesday,0.82,0.676,-0.312
0,2019-02-26 16:25:18,Tuesday,0.816,0.68,-0.308
0,2019-02-26 16:25:21,Tuesday,0.812,0.684,-0.308
0,2019-02-26 16:25:23,Tuesday,0.812,0.68,-0.308
0,2019-02-26 16:25:26,Tuesday,0.9,-0.036,0.384
0,2019-02-26 16:25:29,Tuesday,-0.512,-0.428,1.648
0,2019-02-26 16:25:31,Tuesday,0.024,-0.748,0.928
0,2019-02-26 16:25:33,Tuesday,-0.036,0.8,2.044
0,2019-02-26 16:25:36,Tuesday,-0.016,0.736,1.832
0,2019-02-26 16:25:38,Tuesday,-0.32,0.152,2.044
0,2019-02-26 16:25:40,Tuesday,-0.888,-0.32,-0.208
0,2019-02-26 16:25:43,Tuesday,-0.896,-0.296,-0.216
0,2019-02-26 16:25:45,Tuesday,-0.904,-0.292,-0.212
0,2019-02-26 16:25:47,Tuesday,-0.904,-0.296,-0.212
0,2019-02-26 16:25:50,Tuesday,-0.9,-0.292,-0.22
0,2019-02-26 16:25:52,Tuesday,-0.904,-0.292,-0.208
0,2019-02-26 16:25:54,Tuesday,-0.904,-0.284,-0.212
0,2019-02-26 16:25:57,Tuesday,-0.904,-0.284,-0.212
0,2019-02-26 16:25:59,Tuesday,-0.904,-0.284,-0.212
0,2019-02-26 16:26:01,Tuesday,-0.9,-0.284,-0.212
0,2019-02-26 16:26:04,Tuesday,-0.904,-0.28,-0.216
0,2019-02-26 16:26:06,Tuesday,-0.908,-0.28,-0.216
0,2019-02-26 16:26:08,Tuesday,-0.908,-0.28,-0.212
0,2019-02-26 16:26:11,Tuesday,-0.904,-0.28,-0.212
0,2019-02-26 16:26:13,Tuesday,-0.9,-0.28,-0.216
0,2019-02-26 16:26:15,Tuesday,-0.904,-0.28,-0.22
0,2019-02-26 16:26:18,Tuesday,-0.908,-0.28,-0.216
0,2019-02-26 16:26:20,Tuesday,-0.912,-0.28,-0.216
0,2019-02-26 16:26:22,Tuesday,-0.908,-0.28,-0.22
0,2019-02-26 16:26:25,Tuesday,-0.908,-0.276,-0.224
0,2019-02-26 16:26:27,Tuesday,-0.908,-0.276,-0.212
0,2019-02-26 16:26:30,Tuesday,-0.904,-0.276,-0.216
0,2019-02-26 16:26:32,Tuesday,-0.904,-0.28,-0.22
0,2019-02-26 16:26:34,Tuesday,-0.908,-0.272,-0.216
0,2019-02-26 16:26:37,Tuesday,-0.908,-0.28,-0.224
0,2019-02-26 16:26:39,Tuesday,-0.908,-0.276,-0.216
0,2019-02-26 16:26:42,Tuesday,-0.908,-0.276,-0.224
0,2019-02-26 16:26:44,Tuesday,-0.908,-0.268,-0.228
0,2019-02-26 16:26:46,Tuesday,-0.912,-0.276,-0.22
0,2019-02-26 16:26:49,Tuesday,-0.908,-0.276,-0.212
0,2019-02-26 16:26:51,Tuesday,-0.904,-0.268,-0.216
0,2019-02-26 16:26:53,Tuesday,-0.908,-0.272,-0.22
0,2019-02-26 16:26:56,Tuesday,-0.908,-0.276,-0.224
0,2019-02-26 16:26:58,Tuesday,-0.904,-0.28,-0.224
0,2019-02-26 16:27:00,Tuesday,-0.908,-0.272,-0.224
0,2019-02-26 16:27:03,Tuesday,-0.908,-0.272,-0.224
0,2019-02-26 16:27:05,Tuesday,-0.904,-0.276,-0.22
0,2019-02-26 16:27:08,Tuesday,-0.908,-0.272,-0.22
0,2019-02-26 16:27:10,Tuesday,-0.904,-0.268,-0.22
0,2019-02-26 16:27:13,Tuesday,-0.908,-0.268,-0.216
0,2019-02-26 16:27:15,Tuesday,-0.908,-0.272,-0.216
0,2019-02-26 16:27:18,Tuesday,-0.904,-0.272,-0.22
0,2019-02-26 16:27:20,Tuesday,-0.912,-0.268,-0.216
0,2019-02-26 16:27:22,Tuesday,-0.904,-0.272,-0.22
0,2019-02-26 16:27:25,Tuesday,-0.912,-0.268,-0.224
0,2019-02-26 16:27:28,Tuesday,-0.916,-0.264,-0.22
0,2019-02-26 16:27:30,Tuesday,-0.912,-0.264,-0.22
0,2019-02-26 16:27:32,Tuesday,-0.912,-0.268,-0.216
0,2019-02-26 16:27:35,Tuesday,-0.912,-0.268,-0.212
0,2019-02-26 16:27:37,Tuesday,-0.908,-0.272,-0.22
0,2019-02-26 16:27:39,Tuesday,-0.904,-0.264,-0.216
0,2019-02-26 16:27:42,Tuesday,-0.908,-0.264,-0.22
0,2019-02-26 16:27:44,Tuesday,-0.908,-0.268,-0.22
0,2019-02-26 16:30:50,Tuesday,-0.912,-0.252,-0.216
0,2019-02-26 16:30:52,Tuesday,-0.912,-0.256,-0.228
0,2019-02-26 16:30:55,Tuesday,-0.908,-0.26,-0.216
0,2019-02-26 16:30:57,Tuesday,-0.912,-0.256,-0.22
0,2019-02-26 16:30:59,Tuesday,-0.912,-0.256,-0.216
0,2019-02-26 16:31:02,Tuesday,-0.908,-0.26,-0.228
0,2019-02-26 16:31:04,Tuesday,-0.912,-0.256,-0.224
0,2019-02-26 16:31:06,Tuesday,-0.916,-0.256,-0.22
0,2019-02-26 16:31:09,Tuesday,-0.908,-0.256,-0.228
0,2019-02-26 16:31:11,Tuesday,-0.904,-0.26,-0.212
0,2019-02-26 16:31:14,Tuesday,-0.056,-0.3,1.132
0,2019-02-26 16:31:16,Tuesday,0.724,-0.492,1.116
0,2019-02-26 16:31:19,Tuesday,0.544,-0.452,0.716
0,2019-02-26 16:31:21,Tuesday,0.584,-0.068,0.764
0,2019-02-26 16:31:23,Tuesday,-0.868,-0.384,-0.12
0,2019-02-26 16:31:26,Tuesday,-0.876,-0.38,-0.124
0,2019-02-26 16:31:29,Tuesday,-0.876,-0.376,-0.128
0,2019-02-26 16:31:31,Tuesday,-0.876,-0.376,-0.128
0,2019-02-26 16:31:34,Tuesday,-0.876,-0.376,-0.124
0,2019-02-26 16:31:37,Tuesday,-0.876,-0.372,-0.132
0,2019-02-26 16:31:39,Tuesday,-0.88,-0.368,-0.116
0,2019-02-26 16:31:42,Tuesday,-0.876,-0.368,-0.124
0,2019-02-26 16:31:44,Tuesday,-0.88,-0.368,-0.128
0,2019-02-26 16:31:47,Tuesday,-0.88,-0.368,-0.124
0,2019-02-26 16:31:50,Tuesday,-0.88,-0.364,-0.132
0,2019-02-26 16:31:53,Tuesday,-0.88,-0.368,-0.128
0,2019-02-26 16:31:56,Tuesday,-0.876,-0.364,-0.132
0,2019-02-26 16:31:58,Tuesday,-0.88,-0.368,-0.128
0,2019-02-26 16:32:00,Tuesday,-0.88,-0.364,-0.128
0,2019-02-26 16:32:03,Tuesday,-0.876,-0.368,-0.132
0,2019-02-26 16:32:05,Tuesday,-0.888,-0.364,-0.12
0,2019-02-26 16:32:08,Tuesday,-0.876,-0.364,-0.132
0,2019-02-26 16:32:10,Tuesday,-0.884,-0.36,-0.132
0,2019-02-26 16:32:12,Tuesday,-0.88,-0.364,-0.128
0,2019-02-26 16:32:15,Tuesday,-0.888,-0.364,-0.132
0,2019-02-26 16:32:18,Tuesday,-0.884,-0.36,-0.128
0,2019-02-26 16:32:20,Tuesday,0.352,0.256,2.044
0,2019-02-26 16:32:23,Tuesday,0.192,-0.164,1.372
0,2019-02-26 16:32:25,Tuesday,-0.28,0.456,0.524
0,2019-02-26 16:32:29,Tuesday,0.088,-0.136,1.108
0,2019-02-26 16:32:32,Tuesday,0.292,-0.26,1.264
0,2019-02-26 16:32:35,Tuesday,-0.184,0.44,0.748
0,2019-02-26 16:32:37,Tuesday,0.38,-0.528,1.232
0,2019-02-26 16:32:40,Tuesday,0.34,-0.028,0.992
0,2019-02-26 16:32:42,Tuesday,0.336,-0.008,1.28
0,2019-02-26 16:32:44,Tuesday,-0.256,0.112,0.932
0,2019-02-26 16:32:47,Tuesday,0.068,-0.548,1.044
0,2019-02-26 16:32:50,Tuesday,-0.916,-0.252,-0.14
0,2019-02-26 16:32:52,Tuesday,-0.916,-0.248,-0.144
0,2019-02-26 16:32:56,Tuesday,-0.92,-0.244,-0.152
0,2019-02-26 16:32:58,Tuesday,-0.92,-0.244,-0.148
0,2019-02-26 16:33:01,Tuesday,-0.92,-0.244,-0.156
0,2019-02-26 16:33:03,Tuesday,-0.916,-0.244,-0.148
0,2019-02-26 16:33:05,Tuesday,-0.924,-0.236,-0.152
0,2019-02-26 16:33:08,Tuesday,-0.92,-0.24,-0.148
0,2019-02-26 16:33:10,Tuesday,-0.924,-0.24,-0.152
0,2019-02-26 16:33:13,Tuesday,-0.92,-0.236,-0.156
0,2019-02-26 16:33:16,Tuesday,-0.92,-0.232,-0.152
0,2019-02-26 16:33:19,Tuesday,-0.372,0.012,0.984
0,2019-02-26 16:33:22,Tuesday,-0.112,-1.04,0.8
0,2019-02-26 16:33:24,Tuesday,0.564,-1.044,-0.94
0,2019-02-26 16:33:28,Tuesday,0.136,-0.564,1.688
0,2019-02-26 16:33:30,Tuesday,0.288,-0.256,1.144
0,2019-02-26 16:33:33,Tuesday,0.936,0.672,1.9
0,2019-02-26 16:33:35,Tuesday,0.408,-0.4,0.736
0,2019-02-26 16:33:38,Tuesday,0.284,0.084,1.292
0,2019-02-26 16:33:40,Tuesday,-0.508,0.576,0.392
0,2019-02-26 16:33:43,Tuesday,-0.38,-0.212,0.968
0,2019-02-26 16:33:45,Tuesday,1.204,-1.372,1.268
0,2019-02-26 16:33:48,Tuesday,0.312,-0.728,0.984
0,2019-02-26 16:33:50,Tuesday,0.388,-0.512,0.648
0,2019-02-26 16:33:53,Tuesday,1.156,-1.152,1.048
0,2019-02-26 16:33:55,Tuesday,0.9,0.3,0.952
0,2019-02-26 16:33:57,Tuesday,0.368,-0.768,0.304
0,2019-02-26 16:34:00,Tuesday,0.496,-0.552,0.584
0,2019-02-26 16:34:02,Tuesday,0.42,-1.252,0.532
0,2019-02-26 16:34:05,Tuesday,-0.036,-0.96,-0.056
0,2019-02-26 16:34:07,Tuesday,1.468,0.324,1.288
0,2019-02-26 16:34:10,Tuesday,-0.032,-0.756,0.144
0,2019-02-26 16:34:12,Tuesday,-0.512,-0.324,1.188
0,2019-02-26 16:34:14,Tuesday,0.696,0.244,-0.828
0,2019-02-26 16:34:17,Tuesday,0.244,0.448,1.18
0,2019-02-26 16:34:20,Tuesday,0.232,-0.132,0.872
0,2019-02-26 16:34:22,Tuesday,-0.224,0.336,1.98
0,2019-02-26 16:34:24,Tuesday,0.12,0.156,0.792
0,2019-02-26 16:34:27,Tuesday,0.052,0.148,0.544
0,2019-02-26 16:34:30,Tuesday,0.432,-0.428,1.16
0,2019-02-26 16:34:32,Tuesday,0.38,0.46,0.976
0,2019-02-26 16:34:34,Tuesday,0.884,0.604,-0.292
0,2019-02-26 16:34:37,Tuesday,0.876,0.62,-0.296
0,2019-02-26 16:34:39,Tuesday,0.864,0.628,-0.296
0,2019-02-26 16:34:42,Tuesday,1.432,0.036,-0.436
0,2019-02-26 16:34:44,Tuesday,1.356,-0.128,-0.756
0,2019-02-26 16:34:46,Tuesday,0.784,0.52,0.048
0,2019-02-26 16:34:49,Tuesday,0.784,0.688,-0.396
0,2019-02-26 16:34:51,Tuesday,0.788,0.68,-0.384
0,2019-02-26 16:34:54,Tuesday,0.792,0.684,-0.384
0,2019-02-26 16:35:19,Tuesday,0.648,0.564,-0.52
0,2019-02-26 16:35:21,Tuesday,1.008,0.452,-0.196
0,2019-02-26 16:35:23,Tuesday,1.012,0.444,-0.208
0,2019-02-26 16:35:25,Tuesday,0.796,0.68,-0.388
0,2019-02-26 16:35:28,Tuesday,0.796,0.68,-0.38
0,2019-02-26 16:35:29,Tuesday,0.788,0.68,-0.388
0,2019-02-26 16:35:31,Tuesday,0.792,0.684,-0.392
0,2019-02-26 16:35:33,Tuesday,0.784,0.68,-0.388
0,2019-02-26 16:35:35,Tuesday,0.788,0.68,-0.388
0,2019-02-26 16:35:36,Tuesday,0.788,0.688,-0.372
0,2019-02-26 16:35:39,Tuesday,0.784,0.688,-0.384
0,2019-02-26 16:35:41,Tuesday,0.78,0.684,-0.388
0,2019-02-26 16:35:43,Tuesday,0.78,0.692,-0.388
0,2019-02-26 16:35:48,Tuesday,0.784,0.684,-0.384
0,2019-02-26 16:35:49,Tuesday,0.784,0.688,-0.384
0,2019-02-26 16:35:51,Tuesday,0.78,0.692,-0.388
0,2019-02-26 16:35:52,Tuesday,0.776,0.688,-0.388
0,2019-02-26 16:35:54,Tuesday,0.78,0.692,-0.384
0,2019-02-26 16:35:55,Tuesday,0.78,0.692,-0.384
0,2019-02-26 16:35:57,Tuesday,0.78,0.688,-0.384
0,2019-02-26 16:35:58,Tuesday,0.78,0.692,-0.38
0,2019-02-26 16:36:00,Tuesday,0.78,0.696,-0.392
0,2019-02-26 16:36:02,Tuesday,0.776,0.696,-0.38
0,2019-02-26 16:36:03,Tuesday,0.776,0.692,-0.38
0,2019-02-26 16:36:04,Tuesday,0.78,0.94,0.02
0,2019-02-26 16:36:06,Tuesday,0.412,0.488,1.172
0,2019-02-26 16:36:07,Tuesday,0.584,-0.74,1.288
0,2019-02-26 16:36:09,Tuesday,0.508,-0.664,1.204
0,2019-02-26 16:36:10,Tuesday,0.444,-0.388,1.084
0,2019-02-26 16:36:11,Tuesday,0.52,-0.288,0.112
0,2019-02-26 16:36:13,Tuesday,0.384,0.144,0.724
0,2019-02-26 16:36:14,Tuesday,0.364,-0.084,1.364
0,2019-02-26 16:36:15,Tuesday,0.532,-0.356,1.216
0,2019-02-26 16:36:17,Tuesday,-0.008,0.176,1.276
0,2019-02-26 16:36:18,Tuesday,0.168,-0.176,1.676
0,2019-02-26 16:36:20,Tuesday,0.408,0.204,0.828
0,2019-02-26 16:36:22,Tuesday,0.412,-0.216,0.68
0,2019-02-26 16:36:23,Tuesday,0.36,-0.224,0.812
0,2019-02-26 16:36:25,Tuesday,0.176,0.132,0.628
0,2019-02-26 16:36:26,Tuesday,-0.648,-0.356,0.096
0,2019-02-26 16:36:28,Tuesday,-0.24,-0.712,0.44
0,2019-02-26 16:36:29,Tuesday,0.308,-0.472,0.732
0,2019-02-26 16:36:31,Tuesday,0.368,-0.488,0.736
0,2019-02-26 16:36:32,Tuesday,0.384,-0.464,0.736
0,2019-02-26 16:36:34,Tuesday,0.392,-0.464,0.716
0,2019-02-26 16:52:47,Tuesday,0.576,0.836,-0.376
0,2019-02-26 16:52:50,Tuesday,0.58,0.84,-0.38
0,2019-02-26 16:52:52,Tuesday,0.58,0.836,-0.384
0,2019-02-26 16:52:55,Tuesday,0.58,0.832,-0.384
0,2019-02-26 16:52:57,Tuesday,0.572,0.836,-0.384
0,2019-02-26 16:53:00,Tuesday,0.584,0.84,-0.388
0,2019-02-26 16:53:02,Tuesday,0.576,0.836,-0.38
0,2019-02-26 16:53:05,Tuesday,0.576,0.84,-0.388
0,2019-02-26 16:53:08,Tuesday,0.588,0.832,-0.388
0,2019-02-26 16:53:14,Tuesday,0.584,0.836,-0.384
0,2019-02-26 16:53:17,Tuesday,0.576,0.836,-0.384
0,2019-02-26 16:53:24,Tuesday,0.572,0.832,-0.38
0,2019-02-26 16:53:33,Tuesday,0.58,0.848,-0.392
0,2019-02-26 16:53:35,Tuesday,0.58,0.836,-0.384
0,2019-02-26 16:53:39,Tuesday,0.584,0.84,-0.38
0,2019-02-26 16:53:42,Tuesday,0.572,0.844,-0.38
0,2019-02-26 16:53:45,Tuesday,0.58,0.832,-0.384
0,2019-02-26 16:53:47,Tuesday,0.58,0.836,-0.384
0,2019-02-26 16:53:49,Tuesday,0.576,0.832,-0.408
0,2019-02-26 16:53:52,Tuesday,0.584,0.836,-0.384
0,2019-02-26 16:53:54,Tuesday,0.576,0.844,-0.38
0,2019-02-26 16:53:56,Tuesday,0.576,0.832,-0.376
0,2019-02-26 16:53:59,Tuesday,0.576,0.836,-0.38
0,2019-02-26 16:54:01,Tuesday,0.584,0.84,-0.388
0,2019-02-26 16:54:03,Tuesday,0.58,0.836,-0.384
0,2019-02-26 16:54:06,Tuesday,0.58,0.836,-0.384
0,2019-02-26 16:54:08,Tuesday,0.58,0.836,-0.376
0,2019-02-26 16:54:11,Tuesday,0.58,0.836,-0.384
0,2019-02-26 16:54:13,Tuesday,0.576,0.844,-0.384
0,2019-02-26 16:54:16,Tuesday,0.576,0.836,-0.388
0,2019-02-26 16:54:19,Tuesday,0.576,0.84,-0.38
0,2019-02-26 16:54:23,Tuesday,0.584,0.836,-0.388
0,2019-02-26 16:54:25,Tuesday,0.576,0.836,-0.38
0,2019-02-26 16:54:28,Tuesday,0.58,0.84,-0.376
0,2019-02-26 16:54:31,Tuesday,0.584,0.832,-0.38
0,2019-02-26 16:54:34,Tuesday,0.58,0.832,-0.388
0,2019-02-26 16:54:37,Tuesday,0.576,0.844,-0.38
0,2019-02-26 16:54:39,Tuesday,0.58,0.832,-0.384
0,2019-02-26 16:54:43,Tuesday,0.58,0.84,-0.38
0,2019-02-26 16:54:46,Tuesday,0.58,0.84,-0.384
0,2019-02-26 16:54:50,Tuesday,0.58,0.844,-0.388
0,2019-02-26 16:54:52,Tuesday,0.58,0.836,-0.388
0,2019-02-26 16:54:58,Tuesday,0.584,0.836,-0.38
0,2019-02-26 16:55:01,Tuesday,0.58,0.84,-0.388
0,2019-02-26 16:55:03,Tuesday,0.576,0.84,-0.376
0,2019-02-26 16:55:06,Tuesday,0.576,0.836,-0.384
0,2019-02-26 16:55:09,Tuesday,0.58,0.836,-0.376
0,2019-02-26 16:55:11,Tuesday,0.584,0.832,-0.372
0,2019-02-26 16:55:15,Tuesday,0.584,0.84,-0.376
0,2019-02-26 16:55:18,Tuesday,0.58,0.836,-0.384
0,2019-02-26 16:55:21,Tuesday,0.576,0.844,-0.388
0,2019-02-26 16:55:24,Tuesday,0.58,0.836,-0.376
0,2019-02-26 16:55:27,Tuesday,0.58,0.828,-0.376
0,2019-02-26 16:55:30,Tuesday,0.572,0.836,-0.38
0,2019-02-26 16:55:33,Tuesday,0.58,0.84,-0.376
0,2019-02-26 16:55:35,Tuesday,0.584,0.84,-0.392
0,2019-02-26 16:55:38,Tuesday,0.58,0.84,-0.384
0,2019-02-26 16:55:40,Tuesday,0.58,0.836,-0.384
0,2019-02-26 16:55:43,Tuesday,0.576,0.84,-0.384
0,2019-02-26 16:55:45,Tuesday,0.584,0.84,-0.38
0,2019-02-26 16:55:48,Tuesday,0.58,0.84,-0.392
0,2019-02-26 16:55:50,Tuesday,0.58,0.832,-0.38
0,2019-02-26 16:55:53,Tuesday,0.576,0.832,-0.384
0,2019-02-26 16:55:55,Tuesday,0.584,0.836,-0.38
0,2019-02-26 16:55:57,Tuesday,0.58,0.84,-0.388
0,2019-02-26 16:56:00,Tuesday,0.576,0.836,-0.38
0,2019-02-26 16:56:03,Tuesday,0.576,0.844,-0.384
0,2019-02-26 16:56:05,Tuesday,0.576,0.836,-0.384
0,2019-02-26 16:56:08,Tuesday,0.584,0.84,-0.38
0,2019-02-26 16:56:10,Tuesday,0.572,0.848,-0.384
0,2019-02-26 16:56:13,Tuesday,0.576,0.844,-0.392
0,2019-02-26 16:56:15,Tuesday,0.58,0.832,-0.38
0,2019-02-26 16:56:17,Tuesday,0.58,0.84,-0.384
0,2019-02-26 16:56:20,Tuesday,0.584,0.832,-0.384
0,2019-02-26 16:56:22,Tuesday,0.58,0.836,-0.38
0,2019-02-26 16:56:25,Tuesday,0.58,0.832,-0.384
0,2019-02-26 16:56:28,Tuesday,0.58,0.836,-0.388
0,2019-02-26 16:56:30,Tuesday,0.572,0.848,-0.384
0,2019-02-26 16:56:33,Tuesday,0.58,0.84,-0.388
0,2019-02-26 16:56:35,Tuesday,0.576,0.844,-0.38
0,2019-02-26 16:56:37,Tuesday,0.58,0.84,-0.384
0,2019-02-26 16:56:40,Tuesday,0.58,0.832,-0.384
0,2019-02-26 16:56:42,Tuesday,0.58,0.84,-0.384
0,2019-02-26 16:56:44,Tuesday,0.58,0.84,-0.38
0,2019-02-26 16:56:47,Tuesday,0.576,0.844,-0.388
0,2019-02-26 16:56:49,Tuesday,0.58,0.836,-0.384
0,2019-02-26 16:56:52,Tuesday,0.576,0.84,-0.388
0,2019-02-26 16:56:54,Tuesday,0.572,0.84,-0.38
0,2019-02-26 16:56:56,Tuesday,0.58,0.836,-0.38
0,2019-02-26 16:56:59,Tuesday,0.58,0.84,-0.384
0,2019-02-26 16:57:01,Tuesday,0.58,0.844,-0.376
0,2019-02-26 16:57:03,Tuesday,0.584,0.836,-0.38
0,2019-02-26 16:57:06,Tuesday,0.58,0.84,-0.376
0,2019-02-26 16:57:08,Tuesday,0.576,0.84,-0.384
0,2019-02-26 16:57:11,Tuesday,0.58,0.844,-0.376
0,2019-02-26 16:57:13,Tuesday,0.58,0.836,-0.38
0,2019-02-26 16:57:15,Tuesday,0.576,0.844,-0.384
0,2019-02-26 16:57:18,Tuesday,0.584,0.844,-0.38
0,2019-02-26 16:57:20,Tuesday,0.58,0.832,-0.38
0,2019-02-26 16:57:23,Tuesday,0.584,0.84,-0.388
0,2019-02-26 16:57:25,Tuesday,0.576,0.836,-0.384
0,2019-02-26 16:57:28,Tuesday,0.576,0.84,-0.38
0,2019-02-26 16:57:30,Tuesday,0.58,0.84,-0.38
0,2019-02-26 16:57:33,Tuesday,0.58,0.832,-0.376
0,2019-02-26 16:57:35,Tuesday,0.576,0.84,-0.38
0,2019-02-26 16:57:37,Tuesday,0.584,0.84,-0.388
0,2019-02-26 16:57:40,Tuesday,0.572,0.832,-0.392
0,2019-02-26 16:57:42,Tuesday,0.576,0.84,-0.388
0,2019-02-26 16:57:45,Tuesday,0.576,0.836,-0.388
0,2019-02-26 16:57:47,Tuesday,0.58,0.84,-0.388
0,2019-02-26 16:57:50,Tuesday,0.576,0.848,-0.388
0,2019-02-26 16:57:53,Tuesday,0.58,0.836,-0.384
0,2019-02-26 16:57:55,Tuesday,0.58,0.836,-0.384
0,2019-02-26 16:57:57,Tuesday,0.58,0.84,-0.384
0,2019-02-26 16:58:00,Tuesday,0.572,0.836,-0.38
0,2019-02-26 16:58:02,Tuesday,0.58,0.844,-0.388
0,2019-02-26 16:58:05,Tuesday,0.584,0.836,-0.376
0,2019-02-26 16:58:07,Tuesday,0.576,0.84,-0.384
0,2019-02-26 16:58:09,Tuesday,0.576,0.836,-0.372
0,2019-02-26 16:58:12,Tuesday,0.584,0.84,-0.372
0,2019-02-26 16:58:14,Tuesday,0.58,0.844,-0.384
0,2019-02-26 16:58:16,Tuesday,0.58,0.836,-0.376
0,2019-02-26 16:58:19,Tuesday,0.584,0.836,-0.38
0,2019-02-26 16:58:21,Tuesday,0.58,0.828,-0.384
0,2019-02-26 16:58:24,Tuesday,0.576,0.832,-0.38
0,2019-02-26 16:58:26,Tuesday,0.576,0.84,-0.388
0,2019-02-26 16:58:29,Tuesday,0.572,0.836,-0.384
0,2019-02-26 16:58:31,Tuesday,0.58,0.84,-0.372
0,2019-02-26 16:58:34,Tuesday,0.576,0.844,-0.38
0,2019-02-26 16:58:36,Tuesday,0.588,0.836,-0.384
0,2019-02-26 16:58:39,Tuesday,0.576,0.844,-0.384
0,2019-02-26 17:03:12,Tuesday,0.576,0.844,-0.38
0,2019-02-26 17:03:14,Tuesday,0.584,0.836,-0.392
0,2019-02-26 17:03:17,Tuesday,0.572,0.84,-0.384
0,2019-02-26 17:03:19,Tuesday,0.584,0.836,-0.38
0,2019-02-26 17:03:22,Tuesday,0.58,0.836,-0.384
0,2019-02-26 17:03:24,Tuesday,0.572,0.84,-0.388
0,2019-02-26 17:03:27,Tuesday,0.576,0.84,-0.38
0,2019-02-26 17:03:30,Tuesday,0.572,0.844,-0.38
0,2019-02-26 17:03:32,Tuesday,0.58,0.836,-0.38
0,2019-02-26 17:03:34,Tuesday,0.576,0.84,-0.384
0,2019-02-26 17:03:37,Tuesday,0.576,0.844,-0.38
0,2019-02-26 17:03:39,Tuesday,0.584,0.832,-0.38
0,2019-02-26 17:03:42,Tuesday,0.572,0.84,-0.38
0,2019-02-26 17:03:44,Tuesday,0.58,0.84,-0.384
0,2019-02-26 17:03:46,Tuesday,0.584,0.84,-0.388
0,2019-02-26 17:03:49,Tuesday,0.576,0.836,-0.376
0,2019-02-26 17:03:51,Tuesday,0.568,0.844,-0.38
0,2019-02-26 17:03:53,Tuesday,0.572,0.836,-0.372
0,2019-02-26 17:03:56,Tuesday,0.576,0.84,-0.384
0,2019-02-26 17:03:59,Tuesday,0.576,0.84,-0.388
0,2019-02-26 17:04:01,Tuesday,0.576,0.836,-0.388
0,2019-02-26 17:04:04,Tuesday,0.58,0.84,-0.38
0,2019-02-26 17:04:06,Tuesday,0.572,0.836,-0.388
0,2019-02-26 17:04:09,Tuesday,0.576,0.836,-0.392
0,2019-02-26 17:04:11,Tuesday,0.58,0.836,-0.384
0,2019-02-26 17:04:14,Tuesday,0.58,0.84,-0.376
0,2019-02-26 17:04:16,Tuesday,0.576,0.84,-0.38
0,2019-02-26 17:04:19,Tuesday,0.576,0.836,-0.384
0,2019-02-26 17:04:21,Tuesday,0.576,0.84,-0.388
0,2019-02-26 17:04:24,Tuesday,0.576,0.836,-0.38
0,2019-02-26 17:04:26,Tuesday,0.58,0.84,-0.388
0,2019-02-26 17:04:29,Tuesday,0.572,0.84,-0.38
0,2019-02-26 17:04:31,Tuesday,0.572,0.836,-0.384
0,2019-02-26 17:04:33,Tuesday,0.572,0.84,-0.388
0,2019-02-26 17:04:36,Tuesday,0.576,0.836,-0.388
0,2019-02-26 17:04:38,Tuesday,0.572,0.844,-0.388
0,2019-02-26 17:04:41,Tuesday,0.576,0.84,-0.384
0,2019-02-26 17:04:43,Tuesday,0.576,0.844,-0.38
0,2019-02-26 17:04:45,Tuesday,0.58,0.84,-0.38
0,2019-02-26 17:04:48,Tuesday,0.576,0.836,-0.38
0,2019-02-26 17:04:50,Tuesday,0.576,0.844,-0.388
0,2019-02-26 17:04:53,Tuesday,0.58,0.84,-0.388
0,2019-02-26 17:04:55,Tuesday,0.576,0.844,-0.376
0,2019-02-26 17:04:58,Tuesday,0.58,0.836,-0.384
0,2019-02-26 17:05:00,Tuesday,0.576,0.844,-0.38
0,2019-02-26 17:05:02,Tuesday,0.58,0.84,-0.388
0,2019-02-26 17:05:05,Tuesday,0.576,0.836,-0.392
0,2019-02-26 17:05:07,Tuesday,0.576,0.836,-0.38
0,2019-02-26 17:05:10,Tuesday,0.572,0.84,-0.388
0,2019-02-26 17:05:12,Tuesday,0.568,0.848,-0.396
0,2019-02-26 17:05:14,Tuesday,0.576,0.844,-0.384
0,2019-02-26 17:05:17,Tuesday,0.58,0.84,-0.376
0,2019-02-26 17:05:19,Tuesday,0.576,0.844,-0.388
0,2019-02-26 17:05:22,Tuesday,0.572,0.836,-0.384
0,2019-02-26 17:05:25,Tuesday,0.584,0.84,-0.388
0,2019-02-26 17:05:28,Tuesday,0.576,0.844,-0.384
0,2019-02-26 17:05:30,Tuesday,0.584,0.84,-0.384
0,2019-02-26 17:05:32,Tuesday,0.568,0.844,-0.384
0,2019-02-26 17:08:35,Tuesday,0.572,0.844,-0.388
0,2019-02-26 17:08:37,Tuesday,0.568,0.84,-0.388
0,2019-02-26 17:08:40,Tuesday,0.572,0.84,-0.388
0,2019-02-26 17:08:42,Tuesday,0.576,0.84,-0.384
0,2019-02-26 17:08:45,Tuesday,0.58,0.844,-0.376
0,2019-02-26 17:08:47,Tuesday,0.568,0.844,-0.388
0,2019-02-26 17:08:49,Tuesday,0.576,0.844,-0.388
0,2019-02-26 17:08:52,Tuesday,0.572,0.84,-0.388
0,2019-02-26 17:08:54,Tuesday,0.576,0.84,-0.384
0,2019-02-26 17:08:56,Tuesday,0.576,0.844,-0.384
0,2019-02-26 17:08:59,Tuesday,0.58,0.836,-0.384
0,2019-02-26 17:09:01,Tuesday,0.572,0.844,-0.384
0,2019-02-26 17:09:03,Tuesday,0.572,0.84,-0.384
0,2019-02-26 17:09:06,Tuesday,0.576,0.836,-0.384
0,2019-02-26 17:09:08,Tuesday,0.572,0.844,-0.38
0,2019-02-26 17:09:11,Tuesday,0.58,0.84,-0.38
0,2019-02-26 17:09:13,Tuesday,0.576,0.836,-0.38
0,2019-02-26 17:09:15,Tuesday,0.576,0.84,-0.384
0,2019-02-26 17:09:18,Tuesday,0.58,0.84,-0.388
0,2019-02-26 17:09:20,Tuesday,0.572,0.84,-0.38
0,2019-02-26 17:09:23,Tuesday,0.58,0.84,-0.38
0,2019-02-27 10:43:36,Wednesday,0.244,-0.216,0.84
0,2019-02-27 10:43:39,Wednesday,0.24,-0.22,0.832
0,2019-02-27 10:43:41,Wednesday,0.244,-0.212,0.84
0,2019-02-27 10:43:43,Wednesday,0.248,-0.212,0.84
0,2019-02-27 10:43:46,Wednesday,0.244,-0.216,0.836
0,2019-02-27 10:43:49,Wednesday,0.248,-0.216,0.844
0,2019-02-27 10:43:51,Wednesday,0.244,-0.22,0.828
0,2019-02-27 10:43:54,Wednesday,0.244,-0.22,0.836
0,2019-02-27 10:43:56,Wednesday,0.244,-0.216,0.832
0,2019-02-27 10:43:58,Wednesday,0.248,-0.22,0.84
0,2019-02-27 10:44:00,Wednesday,0.244,-0.216,0.832
0,2019-02-27 10:44:01,Wednesday,0.244,-0.224,0.836
0,2019-02-27 10:44:02,Wednesday,0.236,-0.208,0.832
0,2019-02-27 10:44:03,Wednesday,0.248,-0.216,0.836
0,2019-02-27 10:44:04,Wednesday,0.248,-0.224,0.84
0,2019-02-27 10:44:06,Wednesday,0.24,-0.216,0.832
0,2019-02-27 10:44:07,Wednesday,0.248,-0.216,0.836
0,2019-02-27 10:44:08,Wednesday,0.236,-0.216,0.832
0,2019-02-27 10:44:09,Wednesday,0.244,-0.224,0.84
0,2019-02-27 10:44:10,Wednesday,0.236,-0.212,0.832
0,2019-02-27 10:44:11,Wednesday,0.24,-0.216,0.836
0,2019-02-27 10:44:13,Wednesday,0.248,-0.224,0.84
0,2019-02-27 10:44:14,Wednesday,0.24,-0.216,0.836
0,2019-02-27 10:44:15,Wednesday,0.24,-0.212,0.832
0,2019-02-27 10:44:16,Wednesday,0.244,-0.212,0.848
0,2019-02-27 10:44:17,Wednesday,0.244,-0.22,0.84
0,2019-02-27 10:44:19,Wednesday,0.244,-0.216,0.836
0,2019-02-27 10:44:20,Wednesday,0.244,-0.224,0.84
0,2019-02-27 10:44:21,Wednesday,0.244,-0.212,0.836
0,2019-02-27 10:44:22,Wednesday,0.248,-0.212,0.836
0,2019-02-27 10:44:23,Wednesday,0.248,-0.216,0.832
0,2019-02-27 10:44:25,Wednesday,0.252,-0.224,0.836
0,2019-02-27 10:44:26,Wednesday,0.248,-0.224,0.832
0,2019-02-27 10:44:27,Wednesday,0.252,-0.22,0.836
0,2019-02-27 10:44:28,Wednesday,0.248,-0.216,0.844
0,2019-02-27 10:44:29,Wednesday,0.248,-0.22,0.84
0,2019-02-27 10:44:31,Wednesday,0.244,-0.212,0.836
0,2019-02-27 10:44:32,Wednesday,0.252,-0.22,0.836
0,2019-02-27 10:44:33,Wednesday,0.244,-0.216,0.828
0,2019-02-27 10:44:34,Wednesday,0.248,-0.22,0.836
0,2019-02-27 10:44:35,Wednesday,0.24,-0.22,0.832
0,2019-02-27 10:44:37,Wednesday,0.24,-0.22,0.84
0,2019-02-27 10:44:38,Wednesday,0.244,-0.22,0.832
0,2019-02-27 10:44:39,Wednesday,0.244,-0.216,0.832
0,2019-02-27 10:44:40,Wednesday,0.244,-0.216,0.844
0,2019-02-27 10:44:41,Wednesday,0.244,-0.22,0.832
0,2019-02-27 10:44:42,Wednesday,0.244,-0.216,0.84
0,2019-02-27 10:44:44,Wednesday,0.244,-0.22,0.84
0,2019-02-27 10:44:45,Wednesday,0.24,-0.22,0.836
0,2019-02-27 10:44:46,Wednesday,0.244,-0.216,0.832
0,2019-02-27 10:44:47,Wednesday,0.244,-0.22,0.836
0,2019-02-27 10:44:48,Wednesday,0.248,-0.22,0.836
0,2019-02-27 10:44:49,Wednesday,0.244,-0.22,0.84
0,2019-02-27 10:44:51,Wednesday,0.244,-0.22,0.832
0,2019-02-27 10:44:52,Wednesday,0.24,-0.22,0.836
0,2019-02-27 10:44:53,Wednesday,0.24,-0.216,0.828
0,2019-02-27 10:44:54,Wednesday,0.244,-0.216,0.836
0,2019-02-27 10:44:55,Wednesday,0.244,-0.212,0.84
0,2019-02-27 10:44:56,Wednesday,0.244,-0.22,0.844
0,2019-02-27 10:44:58,Wednesday,0.248,-0.22,0.836
0,2019-02-27 10:44:59,Wednesday,0.244,-0.216,0.832
0,2019-02-27 10:45:00,Wednesday,0.248,-0.216,0.84
0,2019-02-27 10:45:01,Wednesday,0.24,-0.216,0.832
0,2019-02-27 10:45:02,Wednesday,0.244,-0.224,0.832
0,2019-02-27 10:45:03,Wednesday,0.244,-0.22,0.836
0,2019-02-27 10:45:05,Wednesday,0.244,-0.224,0.828
0,2019-02-27 10:45:06,Wednesday,0.248,-0.22,0.836
0,2019-02-27 10:45:07,Wednesday,0.244,-0.22,0.84
0,2019-02-27 10:45:08,Wednesday,0.248,-0.22,0.832
0,2019-02-27 10:45:09,Wednesday,0.244,-0.216,0.836
0,2019-02-27 10:45:10,Wednesday,0.244,-0.22,0.844
0,2019-02-27 10:45:12,Wednesday,0.24,-0.212,0.836
0,2019-02-27 10:45:13,Wednesday,0.244,-0.212,0.828
0,2019-02-27 10:45:14,Wednesday,0.24,-0.22,0.836
0,2019-02-27 10:45:15,Wednesday,0.244,-0.212,0.84
0,2019-02-27 10:45:16,Wednesday,0.244,-0.22,0.828
0,2019-02-27 10:45:17,Wednesday,0.24,-0.212,0.816
0,2019-02-27 10:45:19,Wednesday,0.248,-0.216,0.832
0,2019-02-27 10:45:20,Wednesday,0.248,-0.22,0.84
0,2019-02-27 10:45:21,Wednesday,0.248,-0.212,0.836
0,2019-02-27 10:45:22,Wednesday,0.244,-0.224,0.836
0,2019-02-27 10:45:23,Wednesday,0.24,-0.212,0.828
0,2019-02-27 10:45:24,Wednesday,0.248,-0.22,0.836
0,2019-02-27 10:45:26,Wednesday,0.24,-0.212,0.836
0,2019-02-27 10:45:27,Wednesday,0.244,-0.216,0.84
0,2019-02-27 10:45:28,Wednesday,0.244,-0.22,0.832
0,2019-02-27 10:45:29,Wednesday,0.248,-0.22,0.84
0,2019-02-27 10:45:30,Wednesday,0.244,-0.22,0.836
0,2019-02-27 10:45:31,Wednesday,0.24,-0.216,0.832
0,2019-02-27 10:45:33,Wednesday,0.236,-0.22,0.832
0,2019-02-27 10:45:34,Wednesday,0.244,-0.216,0.836
0,2019-02-27 10:45:35,Wednesday,0.244,-0.216,0.844
0,2019-02-27 10:45:36,Wednesday,0.244,-0.212,0.84
0,2019-02-27 10:45:37,Wednesday,0.244,-0.216,0.836
0,2019-02-27 10:45:38,Wednesday,0.24,-0.22,0.832
0,2019-02-27 10:45:40,Wednesday,0.244,-0.22,0.84
0,2019-02-27 10:45:41,Wednesday,0.244,-0.22,0.836
0,2019-02-27 10:45:42,Wednesday,0.24,-0.216,0.832
0,2019-02-27 10:45:43,Wednesday,0.248,-0.216,0.836
0,2019-02-27 10:45:44,Wednesday,0.24,-0.22,0.844
0,2019-02-27 10:45:45,Wednesday,0.244,-0.216,0.836
0,2019-02-27 10:45:47,Wednesday,0.244,-0.216,0.84
0,2019-02-27 10:45:48,Wednesday,0.24,-0.22,0.84
0,2019-02-27 10:45:49,Wednesday,0.248,-0.216,0.832
0,2019-02-27 10:45:50,Wednesday,0.244,-0.22,0.836
0,2019-02-27 10:45:51,Wednesday,0.24,-0.216,0.84
0,2019-02-27 10:45:53,Wednesday,0.244,-0.22,0.836
0,2019-02-27 10:45:54,Wednesday,0.244,-0.22,0.836
0,2019-02-27 10:45:55,Wednesday,0.248,-0.22,0.84
0,2019-02-27 10:45:56,Wednesday,0.248,-0.216,0.848
0,2019-02-27 10:45:57,Wednesday,0.24,-0.212,0.84
0,2019-02-27 10:45:58,Wednesday,0.244,-0.216,0.836
0,2019-02-27 10:46:00,Wednesday,0.248,-0.22,0.844
0,2019-02-27 10:46:01,Wednesday,0.24,-0.216,0.836
0,2019-02-27 10:46:02,Wednesday,0.244,-0.22,0.836
0,2019-02-27 10:46:03,Wednesday,0.244,-0.22,0.828
0,2019-02-27 10:46:04,Wednesday,0.248,-0.22,0.84
0,2019-02-27 10:46:05,Wednesday,0.244,-0.22,0.832
0,2019-02-27 10:46:07,Wednesday,0.248,-0.22,0.832
0,2019-02-27 10:46:08,Wednesday,0.244,-0.228,0.836
0,2019-02-27 10:46:09,Wednesday,0.244,-0.22,0.84
0,2019-02-27 10:46:10,Wednesday,0.244,-0.216,0.836
0,2019-02-27 10:46:11,Wednesday,0.244,-0.224,0.84
0,2019-02-27 10:46:12,Wednesday,0.244,-0.216,0.832
0,2019-02-27 10:46:14,Wednesday,0.244,-0.216,0.836
0,2019-02-27 10:46:15,Wednesday,0.24,-0.216,0.836
0,2019-02-27 10:46:16,Wednesday,0.244,-0.216,0.844
0,2019-02-27 10:46:17,Wednesday,0.244,-0.216,0.836
0,2019-02-27 10:46:18,Wednesday,0.244,-0.216,0.836
0,2019-02-27 10:46:19,Wednesday,0.24,-0.22,0.836
0,2019-02-27 10:46:21,Wednesday,0.248,-0.216,0.836
0,2019-02-27 10:46:22,Wednesday,0.248,-0.224,0.836
0,2019-02-27 10:46:23,Wednesday,0.244,-0.212,0.84
0,2019-02-27 10:46:24,Wednesday,0.244,-0.208,0.836
0,2019-02-27 10:46:25,Wednesday,0.24,-0.224,0.836
0,2019-02-27 10:46:27,Wednesday,0.24,-0.216,0.84
0,2019-02-27 10:46:28,Wednesday,0.24,-0.22,0.836
0,2019-02-27 10:46:29,Wednesday,0.236,-0.216,0.832
0,2019-02-27 10:46:30,Wednesday,0.236,-0.216,0.84
0,2019-02-27 10:46:31,Wednesday,0.244,-0.22,0.828
0,2019-02-27 10:46:32,Wednesday,0.248,-0.216,0.828
0,2019-02-27 10:46:34,Wednesday,0.244,-0.216,0.84
0,2019-02-27 10:46:35,Wednesday,0.096,-0.26,0.844
0,2019-02-27 10:46:36,Wednesday,0.096,-0.176,0.856
0,2019-02-27 10:46:37,Wednesday,0.104,-0.156,0.856
0,2019-02-27 10:46:38,Wednesday,0.096,-0.164,0.856
0,2019-02-27 10:46:39,Wednesday,0.148,-0.18,0.86
0,2019-02-27 10:46:41,Wednesday,0.156,-0.176,0.856
0,2019-02-27 10:46:42,Wednesday,0.156,-0.176,0.86
0,2019-02-27 10:46:43,Wednesday,0.116,-0.12,0.832
0,2019-02-27 10:46:44,Wednesday,0.136,-0.112,0.868
0,2019-02-27 10:46:45,Wednesday,0.136,-0.132,0.856
0,2019-02-27 10:46:46,Wednesday,0.14,-0.12,0.86
0,2019-02-27 10:46:48,Wednesday,0.14,-0.128,0.856
0,2019-02-27 10:46:49,Wednesday,0.136,-0.14,0.864
0,2019-02-27 10:46:50,Wednesday,0.144,-0.136,0.86
0,2019-02-27 10:46:51,Wednesday,0.14,-0.14,0.856
0,2019-02-27 10:46:52,Wednesday,0.136,-0.14,0.856
0,2019-02-27 10:46:53,Wednesday,0.144,-0.144,0.86
0,2019-02-27 10:46:55,Wednesday,0.144,-0.148,0.856
0,2019-02-27 10:46:56,Wednesday,0.148,-0.152,0.86
0,2019-02-27 10:46:57,Wednesday,0.148,-0.152,0.848
0,2019-02-27 10:46:58,Wednesday,0.156,-0.144,0.86
0,2019-02-27 10:46:59,Wednesday,0.156,-0.144,0.856
0,2019-02-27 10:47:01,Wednesday,0.16,-0.144,0.864
0,2019-02-27 10:47:02,Wednesday,0.148,-0.112,0.832
0,2019-02-27 10:47:03,Wednesday,0.168,-0.164,0.848
0,2019-02-27 10:47:04,Wednesday,0.172,-0.168,0.852
0,2019-02-27 10:47:05,Wednesday,0.168,-0.168,0.852
0,2019-02-27 10:47:06,Wednesday,0.168,-0.172,0.844
0,2019-02-27 10:47:08,Wednesday,0.172,-0.164,0.86
0,2019-02-27 10:47:09,Wednesday,0.172,-0.164,0.856
0,2019-02-27 10:47:10,Wednesday,0.168,-0.168,0.848
0,2019-02-27 10:47:11,Wednesday,0.168,-0.168,0.844
0,2019-02-27 10:47:12,Wednesday,0.164,-0.168,0.852
0,2019-02-27 10:47:13,Wednesday,0.172,-0.168,0.86
0,2019-02-27 10:47:15,Wednesday,0.164,-0.176,0.86
0,2019-02-27 10:47:16,Wednesday,0.168,-0.168,0.856
0,2019-02-27 10:47:17,Wednesday,0.172,-0.164,0.848
0,2019-02-27 10:47:18,Wednesday,0.16,-0.184,0.852
0,2019-02-27 10:47:19,Wednesday,0.172,-0.176,0.852
0,2019-02-27 10:47:20,Wednesday,0.168,-0.164,0.856
0,2019-02-27 10:47:22,Wednesday,0.168,-0.164,0.852
0,2019-02-27 10:47:23,Wednesday,0.172,-0.172,0.856
0,2019-02-27 10:47:24,Wednesday,0.168,-0.168,0.852
0,2019-02-27 10:47:25,Wednesday,0.168,-0.16,0.852
0,2019-02-27 10:47:26,Wednesday,0.168,-0.168,0.852
0,2019-02-27 10:47:28,Wednesday,0.172,-0.164,0.856
0,2019-02-27 10:47:29,Wednesday,0.172,-0.164,0.852
0,2019-02-27 10:47:30,Wednesday,0.172,-0.168,0.852
0,2019-02-27 10:47:31,Wednesday,0.172,-0.164,0.856
0,2019-02-27 10:47:32,Wednesday,0.172,-0.172,0.856
0,2019-02-27 10:47:33,Wednesday,0.176,-0.176,0.848
0,2019-02-27 10:47:34,Wednesday,0.164,-0.168,0.864
0,2019-02-27 10:47:36,Wednesday,0.164,-0.164,0.864
0,2019-02-27 10:47:37,Wednesday,0.168,-0.164,0.856
0,2019-02-27 10:47:38,Wednesday,0.172,-0.168,0.848
0,2019-02-27 10:47:39,Wednesday,0.168,-0.164,0.86
0,2019-02-27 10:47:40,Wednesday,0.164,-0.16,0.864
0,2019-02-27 10:47:42,Wednesday,0.172,-0.168,0.86
0,2019-02-27 10:47:43,Wednesday,0.176,-0.168,0.852
0,2019-02-27 10:47:44,Wednesday,0.172,-0.16,0.856
0,2019-02-27 10:47:45,Wednesday,0.172,-0.164,0.852
0,2019-02-27 10:47:46,Wednesday,0.168,-0.168,0.848
0,2019-02-27 10:47:47,Wednesday,0.172,-0.168,0.852
0,2019-02-27 10:47:49,Wednesday,0.176,-0.164,0.852
0,2019-02-27 10:47:50,Wednesday,0.168,-0.164,0.86
0,2019-02-27 10:47:51,Wednesday,0.172,-0.168,0.852
0,2019-02-27 10:47:52,Wednesday,0.172,-0.16,0.852
0,2019-02-27 10:47:53,Wednesday,0.164,-0.164,0.848
0,2019-02-27 10:47:54,Wednesday,0.168,-0.168,0.86
0,2019-02-27 10:47:56,Wednesday,0.168,-0.168,0.856
0,2019-02-27 10:47:57,Wednesday,0.172,-0.168,0.852
0,2019-02-27 10:47:58,Wednesday,0.172,-0.16,0.852
0,2019-02-27 10:47:59,Wednesday,0.172,-0.164,0.856
0,2019-02-27 10:48:00,Wednesday,0.164,-0.16,0.856
0,2019-02-27 10:48:01,Wednesday,0.172,-0.16,0.852
0,2019-02-27 10:48:03,Wednesday,0.172,-0.164,0.852
0,2019-02-27 10:48:04,Wednesday,0.168,-0.164,0.86
0,2019-02-27 10:48:05,Wednesday,0.172,-0.164,0.848
0,2019-02-27 10:48:06,Wednesday,0.168,-0.164,0.856
0,2019-02-27 10:48:07,Wednesday,0.176,-0.168,0.852
0,2019-02-27 10:48:08,Wednesday,0.172,-0.168,0.848
0,2019-02-27 10:48:10,Wednesday,0.168,-0.156,0.856
0,2019-02-27 10:48:11,Wednesday,0.168,-0.168,0.86
0,2019-02-27 10:48:12,Wednesday,0.168,-0.168,0.852
0,2019-02-27 10:48:13,Wednesday,0.168,-0.164,0.848
0,2019-02-27 10:48:14,Wednesday,0.168,-0.16,0.86
0,2019-02-27 10:48:16,Wednesday,0.172,-0.164,0.856
0,2019-02-27 10:48:17,Wednesday,0.172,-0.164,0.852
0,2019-02-27 10:48:18,Wednesday,0.168,-0.164,0.852
0,2019-02-27 10:48:19,Wednesday,0.164,-0.156,0.852
0,2019-02-27 10:48:20,Wednesday,0.168,-0.164,0.86
0,2019-02-27 10:48:21,Wednesday,0.172,-0.164,0.86
0,2019-02-27 10:48:23,Wednesday,0.172,-0.164,0.848
0,2019-02-27 10:48:24,Wednesday,0.168,-0.164,0.852
0,2019-02-27 10:48:25,Wednesday,0.168,-0.164,0.852
0,2019-02-27 10:48:26,Wednesday,0.172,-0.164,0.86
0,2019-02-27 10:48:27,Wednesday,0.172,-0.164,0.856
0,2019-02-27 10:48:28,Wednesday,0.172,-0.164,0.856
0,2019-02-27 10:48:30,Wednesday,0.164,-0.16,0.86
0,2019-02-27 10:48:31,Wednesday,0.172,-0.164,0.86
0,2019-02-27 10:48:32,Wednesday,0.168,-0.164,0.848
0,2019-02-27 10:48:33,Wednesday,0.172,-0.164,0.848
0,2019-02-27 10:48:34,Wednesday,0.168,-0.16,0.856
0,2019-02-27 10:48:35,Wednesday,0.172,-0.168,0.856
0,2019-02-27 10:48:37,Wednesday,0.176,-0.16,0.856
0,2019-02-27 10:48:38,Wednesday,0.168,-0.16,0.856
0,2019-02-27 10:48:39,Wednesday,0.164,-0.164,0.852
0,2019-02-27 10:48:40,Wednesday,0.172,-0.16,0.848
0,2019-02-27 10:48:41,Wednesday,0.168,-0.168,0.852
0,2019-02-27 10:48:42,Wednesday,0.168,-0.16,0.856
0,2019-02-27 10:48:44,Wednesday,0.172,-0.164,0.856
0,2019-02-27 10:48:45,Wednesday,0.172,-0.16,0.848
0,2019-02-27 10:48:46,Wednesday,0.172,-0.164,0.856
0,2019-02-27 10:48:47,Wednesday,0.172,-0.164,0.852
0,2019-02-27 10:48:48,Wednesday,0.172,-0.168,0.856
0,2019-02-27 10:48:50,Wednesday,0.168,-0.16,0.852
0,2019-02-27 10:48:51,Wednesday,0.172,-0.164,0.864
0,2019-02-27 10:48:52,Wednesday,0.168,-0.164,0.856
0,2019-02-27 10:48:53,Wednesday,0.172,-0.168,0.856
0,2019-02-27 10:48:54,Wednesday,0.172,-0.16,0.852
0,2019-02-27 10:48:55,Wednesday,0.168,-0.168,0.852
0,2019-02-27 10:48:57,Wednesday,0.168,-0.16,0.852
0,2019-02-27 10:48:58,Wednesday,0.168,-0.164,0.86
0,2019-02-27 10:48:59,Wednesday,0.168,-0.16,0.86
0,2019-02-27 10:49:00,Wednesday,0.176,-0.172,0.848
0,2019-02-27 10:49:01,Wednesday,0.172,-0.16,0.86
0,2019-02-27 10:49:02,Wednesday,0.18,-0.172,0.856
0,2019-02-27 10:49:04,Wednesday,0.176,-0.164,0.856
0,2019-02-27 10:49:05,Wednesday,0.172,-0.168,0.86
0,2019-02-27 10:49:06,Wednesday,0.168,-0.164,0.852
0,2019-02-27 10:49:07,Wednesday,0.168,-0.16,0.856
0,2019-02-27 10:49:08,Wednesday,0.172,-0.164,0.848
0,2019-02-27 10:49:09,Wednesday,0.176,-0.164,0.852
0,2019-02-27 10:49:11,Wednesday,0.176,-0.168,0.856
0,2019-02-27 10:49:12,Wednesday,0.168,-0.164,0.856
0,2019-02-27 10:49:13,Wednesday,0.172,-0.164,0.852
0,2019-02-27 10:49:14,Wednesday,0.172,-0.164,0.856
0,2019-02-27 10:49:15,Wednesday,0.176,-0.16,0.856
0,2019-02-27 10:49:16,Wednesday,0.172,-0.164,0.86
0,2019-02-27 10:49:18,Wednesday,0.172,-0.16,0.86
0,2019-02-27 10:49:19,Wednesday,0.172,-0.164,0.852
0,2019-02-27 10:49:20,Wednesday,0.168,-0.16,0.856
0,2019-02-27 10:49:21,Wednesday,0.168,-0.16,0.86
0,2019-02-27 10:49:22,Wednesday,0.168,-0.164,0.848
0,2019-02-27 10:49:23,Wednesday,0.168,-0.16,0.868
0,2019-02-27 10:49:25,Wednesday,0.172,-0.168,0.848
0,2019-02-27 10:49:26,Wednesday,0.18,-0.164,0.852
0,2019-02-27 10:49:27,Wednesday,0.172,-0.164,0.852
0,2019-02-27 10:49:28,Wednesday,0.164,-0.164,0.852
0,2019-02-27 10:49:29,Wednesday,0.168,-0.164,0.852
0,2019-02-27 10:49:31,Wednesday,0.172,-0.16,0.856
0,2019-02-27 10:49:32,Wednesday,0.172,-0.168,0.852
0,2019-02-27 10:49:33,Wednesday,0.176,-0.168,0.848
0,2019-02-27 10:49:34,Wednesday,0.168,-0.16,0.852
0,2019-02-27 10:49:35,Wednesday,0.176,-0.168,0.86
0,2019-02-27 10:49:36,Wednesday,0.172,-0.168,0.856
0,2019-02-27 10:49:38,Wednesday,0.172,-0.164,0.852
0,2019-02-27 10:49:39,Wednesday,0.168,-0.168,0.86
0,2019-02-27 10:49:40,Wednesday,0.168,-0.164,0.852
0,2019-02-27 10:49:41,Wednesday,0.168,-0.164,0.844
0,2019-02-27 10:49:42,Wednesday,0.168,-0.164,0.852
0,2019-02-27 10:49:43,Wednesday,0.168,-0.164,0.856
0,2019-02-27 10:49:45,Wednesday,0.172,-0.16,0.856
0,2019-02-27 10:49:46,Wednesday,0.168,-0.16,0.86
0,2019-02-27 10:49:47,Wednesday,0.168,-0.16,0.848
0,2019-02-27 10:49:48,Wednesday,0.168,-0.16,0.86
0,2019-02-27 10:49:49,Wednesday,0.168,-0.164,0.86
0,2019-02-27 10:49:50,Wednesday,0.168,-0.164,0.848
0,2019-02-27 10:49:52,Wednesday,0.172,-0.164,0.86
0,2019-02-27 10:49:53,Wednesday,0.164,-0.164,0.848
0,2019-02-27 10:49:54,Wednesday,0.176,-0.172,0.86
0,2019-02-27 10:49:55,Wednesday,0.168,-0.164,0.848
0,2019-02-27 10:49:56,Wednesday,0.172,-0.156,0.856
0,2019-02-27 10:49:57,Wednesday,0.172,-0.164,0.852
0,2019-02-27 10:49:59,Wednesday,0.172,-0.164,0.848
0,2019-02-27 10:50:00,Wednesday,0.168,-0.168,0.856
0,2019-02-27 10:50:01,Wednesday,0.172,-0.172,0.852
0,2019-02-27 10:50:02,Wednesday,0.172,-0.168,0.852
0,2019-02-27 10:50:03,Wednesday,0.168,-0.164,0.86
0,2019-02-27 10:50:04,Wednesday,0.176,-0.164,0.852
0,2019-02-27 10:50:06,Wednesday,0.164,-0.16,0.86
0,2019-02-27 10:50:07,Wednesday,0.16,-0.16,0.852
0,2019-02-27 10:50:08,Wednesday,0.168,-0.16,0.856
0,2019-02-27 10:50:09,Wednesday,0.176,-0.168,0.848
0,2019-02-27 10:50:10,Wednesday,0.176,-0.168,0.856
0,2019-02-27 10:50:12,Wednesday,0.176,-0.168,0.86
0,2019-02-27 10:50:13,Wednesday,0.172,-0.164,0.856
0,2019-02-27 10:50:14,Wednesday,0.172,-0.164,0.856
0,2019-02-27 10:50:15,Wednesday,0.172,-0.16,0.856
0,2019-02-27 10:50:16,Wednesday,0.164,-0.16,0.856
0,2019-02-27 10:50:17,Wednesday,0.168,-0.16,0.86
0,2019-02-27 10:50:19,Wednesday,0.164,-0.164,0.856
0,2019-02-27 10:50:20,Wednesday,0.168,-0.164,0.856
0,2019-02-27 10:50:21,Wednesday,0.168,-0.16,0.852
0,2019-02-27 10:50:22,Wednesday,0.168,-0.16,0.856
0,2019-02-27 10:50:23,Wednesday,0.172,-0.16,0.856
0,2019-02-27 10:50:24,Wednesday,0.168,-0.16,0.852
0,2019-02-27 10:50:26,Wednesday,0.172,-0.164,0.852
0,2019-02-27 10:50:27,Wednesday,0.172,-0.164,0.856
0,2019-02-27 10:50:28,Wednesday,0.168,-0.156,0.844
0,2019-02-27 10:50:29,Wednesday,0.172,-0.16,0.856
0,2019-02-27 10:50:30,Wednesday,0.172,-0.16,0.856
0,2019-02-27 10:50:31,Wednesday,0.172,-0.168,0.856
0,2019-02-27 10:50:33,Wednesday,0.168,-0.152,0.852
0,2019-02-27 10:50:34,Wednesday,0.176,-0.168,0.86
0,2019-02-27 10:50:35,Wednesday,0.172,-0.16,0.86
0,2019-02-27 10:50:36,Wednesday,0.176,-0.164,0.848
0,2019-02-27 10:50:37,Wednesday,0.172,-0.16,0.852
0,2019-02-27 10:50:38,Wednesday,0.168,-0.16,0.852
0,2019-02-27 10:50:40,Wednesday,0.164,-0.164,0.856
0,2019-02-27 10:50:41,Wednesday,0.168,-0.164,0.852
0,2019-02-27 10:50:42,Wednesday,0.176,-0.164,0.856
0,2019-02-27 10:50:43,Wednesday,0.172,-0.168,0.856
0,2019-02-27 10:50:44,Wednesday,0.168,-0.164,0.856
0,2019-02-27 10:50:46,Wednesday,0.172,-0.168,0.856
0,2019-02-27 10:50:47,Wednesday,0.176,-0.168,0.852
0,2019-02-27 10:50:48,Wednesday,0.172,-0.164,0.856
0,2019-02-27 10:50:49,Wednesday,0.16,-0.16,0.856
0,2019-02-27 10:50:50,Wednesday,0.172,-0.164,0.856
0,2019-02-27 10:50:51,Wednesday,0.168,-0.16,0.856
0,2019-02-27 10:50:53,Wednesday,0.168,-0.16,0.856
0,2019-02-27 10:50:54,Wednesday,0.168,-0.156,0.86
0,2019-02-27 10:50:55,Wednesday,0.172,-0.164,0.852
0,2019-02-27 10:50:56,Wednesday,0.172,-0.16,0.856
0,2019-02-27 10:50:57,Wednesday,0.168,-0.164,0.852
0,2019-02-27 10:50:58,Wednesday,0.172,-0.168,0.86
0,2019-02-27 10:51:00,Wednesday,0.176,-0.164,0.852
0,2019-02-27 10:51:01,Wednesday,0.168,-0.164,0.856
0,2019-02-27 10:51:02,Wednesday,0.168,-0.168,0.852
0,2019-02-27 10:51:03,Wednesday,0.176,-0.164,0.856
0,2019-02-27 10:51:04,Wednesday,0.168,-0.168,0.852
0,2019-02-27 10:51:05,Wednesday,0.164,-0.16,0.86
0,2019-02-27 10:51:07,Wednesday,0.172,-0.168,0.856
0,2019-02-27 10:51:08,Wednesday,0.172,-0.172,0.852
0,2019-02-27 10:51:09,Wednesday,0.168,-0.164,0.852
0,2019-02-27 10:51:10,Wednesday,0.176,-0.168,0.856
0,2019-02-27 10:51:11,Wednesday,0.168,-0.156,0.852
0,2019-02-27 10:51:12,Wednesday,0.172,-0.16,0.856
0,2019-02-27 10:51:14,Wednesday,0.172,-0.168,0.852
0,2019-02-27 10:51:15,Wednesday,0.172,-0.164,0.856
0,2019-02-27 10:51:16,Wednesday,0.172,-0.16,0.856
0,2019-02-27 10:51:17,Wednesday,0.168,-0.168,0.852
0,2019-02-27 10:51:18,Wednesday,0.172,-0.164,0.852
0,2019-02-27 10:51:20,Wednesday,0.176,-0.164,0.848
0,2019-02-27 10:51:21,Wednesday,0.172,-0.164,0.856
0,2019-02-27 10:51:22,Wednesday,0.176,-0.164,0.848
0,2019-02-27 10:51:23,Wednesday,0.168,-0.168,0.852
0,2019-02-27 10:51:24,Wednesday,0.172,-0.164,0.856
0,2019-02-27 10:51:26,Wednesday,0.168,-0.164,0.856
0,2019-02-27 10:51:27,Wednesday,0.176,-0.16,0.856
0,2019-02-27 10:51:28,Wednesday,0.168,-0.168,0.852
0,2019-02-27 10:51:29,Wednesday,0.172,-0.164,0.864
0,2019-02-27 10:51:30,Wednesday,0.168,-0.164,0.864
0,2019-02-27 10:51:31,Wednesday,0.172,-0.156,0.848
0,2019-02-27 10:51:33,Wednesday,0.172,-0.164,0.856
0,2019-02-27 10:51:34,Wednesday,0.172,-0.168,0.852
0,2019-02-27 10:51:35,Wednesday,0.176,-0.164,0.856
0,2019-02-27 10:51:36,Wednesday,0.176,-0.172,0.86
0,2019-02-27 10:51:37,Wednesday,0.172,-0.168,0.856
0,2019-02-27 10:51:38,Wednesday,0.168,-0.156,0.86
0,2019-02-27 10:51:40,Wednesday,0.172,-0.168,0.848
0,2019-02-27 10:51:41,Wednesday,0.172,-0.164,0.856
0,2019-02-27 10:51:42,Wednesday,0.168,-0.16,0.852
0,2019-02-27 10:51:43,Wednesday,0.168,-0.168,0.852
0,2019-02-27 10:51:44,Wednesday,0.164,-0.16,0.856
0,2019-02-27 10:51:45,Wednesday,0.172,-0.168,0.852
0,2019-02-27 10:51:47,Wednesday,0.176,-0.164,0.852
0,2019-02-27 10:51:48,Wednesday,0.172,-0.168,0.852
0,2019-02-27 10:51:49,Wednesday,0.172,-0.168,0.852
0,2019-02-27 10:51:50,Wednesday,0.164,-0.164,0.852
0,2019-02-27 10:51:51,Wednesday,0.168,-0.164,0.852
0,2019-02-27 10:51:52,Wednesday,0.168,-0.164,0.856
0,2019-02-27 10:51:54,Wednesday,0.172,-0.164,0.86
0,2019-02-27 10:51:55,Wednesday,0.164,-0.16,0.852
0,2019-02-27 10:51:56,Wednesday,0.172,-0.164,0.856
0,2019-02-27 10:51:57,Wednesday,0.172,-0.164,0.848
0,2019-02-27 10:51:58,Wednesday,0.168,-0.168,0.852
0,2019-02-27 10:52:00,Wednesday,0.168,-0.16,0.86
0,2019-02-27 10:52:01,Wednesday,0.172,-0.168,0.856
0,2019-02-27 10:52:02,Wednesday,0.168,-0.164,0.852
0,2019-02-27 10:52:03,Wednesday,0.164,-0.168,0.848
0,2019-02-27 10:52:04,Wednesday,0.164,-0.164,0.856
0,2019-02-27 10:52:05,Wednesday,0.168,-0.156,0.848
0,2019-02-27 10:52:07,Wednesday,0.168,-0.16,0.856
0,2019-02-27 10:52:08,Wednesday,0.168,-0.16,0.864
0,2019-02-27 10:52:09,Wednesday,0.172,-0.172,0.844
0,2019-02-27 10:52:10,Wednesday,0.172,-0.168,0.856
0,2019-02-27 10:52:11,Wednesday,0.168,-0.164,0.852
0,2019-02-27 10:52:12,Wednesday,0.168,-0.164,0.852
0,2019-02-27 10:52:14,Wednesday,0.164,-0.16,0.856
0,2019-02-27 10:52:15,Wednesday,0.172,-0.164,0.86
0,2019-02-27 10:52:16,Wednesday,0.172,-0.164,0.856
0,2019-02-27 10:52:17,Wednesday,0.168,-0.164,0.844
0,2019-02-27 10:52:18,Wednesday,0.168,-0.16,0.856
0,2019-02-27 10:52:19,Wednesday,0.172,-0.164,0.856
0,2019-02-27 10:52:21,Wednesday,0.176,-0.168,0.852
0,2019-02-27 10:52:22,Wednesday,0.172,-0.164,0.848
0,2019-02-27 10:52:23,Wednesday,0.168,-0.16,0.852
0,2019-02-27 10:52:24,Wednesday,0.164,-0.168,0.86
0,2019-02-27 10:52:25,Wednesday,0.176,-0.164,0.856
0,2019-02-27 10:52:26,Wednesday,0.176,-0.172,0.856
0,2019-02-27 10:52:28,Wednesday,0.176,-0.168,0.86
0,2019-02-27 10:52:29,Wednesday,0.172,-0.164,0.848
0,2019-02-27 10:52:30,Wednesday,0.172,-0.164,0.852
0,2019-02-27 10:52:31,Wednesday,0.164,-0.16,0.852
0,2019-02-27 10:52:32,Wednesday,0.172,-0.16,0.856
0,2019-02-27 10:52:33,Wednesday,0.172,-0.164,0.856
0,2019-02-27 10:52:35,Wednesday,0.172,-0.156,0.856
0,2019-02-27 10:52:36,Wednesday,0.172,-0.164,0.856
0,2019-02-27 10:52:37,Wednesday,0.176,-0.172,0.852
0,2019-02-27 10:52:38,Wednesday,0.172,-0.164,0.852
0,2019-02-27 10:52:39,Wednesday,0.172,-0.164,0.856
0,2019-02-27 10:52:40,Wednesday,0.176,-0.164,0.852
0,2019-02-27 10:52:42,Wednesday,0.168,-0.156,0.848
0,2019-02-27 10:52:43,Wednesday,0.168,-0.152,0.852
0,2019-02-27 10:52:44,Wednesday,0.172,-0.164,0.86
0,2019-02-27 10:52:45,Wednesday,0.168,-0.164,0.852
0,2019-02-27 10:52:46,Wednesday,0.172,-0.164,0.856
0,2019-02-27 10:52:47,Wednesday,0.172,-0.16,0.852
0,2019-02-27 10:52:49,Wednesday,0.168,-0.16,0.852
0,2019-02-27 10:52:50,Wednesday,0.176,-0.164,0.852
0,2019-02-27 10:52:51,Wednesday,0.168,-0.164,0.856
0,2019-02-27 10:52:52,Wednesday,0.172,-0.16,0.848
0,2019-02-27 10:52:53,Wednesday,0.172,-0.164,0.844
0,2019-02-27 10:52:54,Wednesday,0.168,-0.156,0.856
0,2019-02-27 10:52:56,Wednesday,0.172,-0.164,0.852
0,2019-02-27 10:52:57,Wednesday,0.168,-0.16,0.852
0,2019-02-27 10:52:58,Wednesday,0.176,-0.164,0.856
0,2019-02-27 10:52:59,Wednesday,0.164,-0.164,0.86
0,2019-02-27 10:53:00,Wednesday,0.168,-0.16,0.856
0,2019-02-27 10:53:02,Wednesday,0.172,-0.164,0.852
0,2019-02-27 10:53:03,Wednesday,0.168,-0.16,0.856
0,2019-02-27 10:53:04,Wednesday,0.172,-0.16,0.848
0,2019-02-27 10:53:05,Wednesday,0.18,-0.168,0.856
0,2019-02-27 10:53:06,Wednesday,0.168,-0.16,0.86
0,2019-02-27 10:53:07,Wednesday,0.168,-0.156,0.852
0,2019-02-27 10:53:09,Wednesday,0.168,-0.164,0.856
0,2019-02-27 10:53:10,Wednesday,0.168,-0.16,0.856
0,2019-02-27 10:53:11,Wednesday,0.176,-0.168,0.86
0,2019-02-27 10:53:12,Wednesday,0.168,-0.164,0.86
0,2019-02-27 10:53:13,Wednesday,0.168,-0.164,0.86
0,2019-02-27 10:53:14,Wednesday,0.168,-0.16,0.848
0,2019-02-27 10:53:16,Wednesday,0.172,-0.164,0.848
0,2019-02-27 10:53:17,Wednesday,0.164,-0.164,0.852
0,2019-02-27 10:53:18,Wednesday,0.176,-0.168,0.852
0,2019-02-27 10:53:19,Wednesday,0.172,-0.16,0.852
0,2019-02-27 10:53:20,Wednesday,0.172,-0.172,0.848
0,2019-02-27 10:53:21,Wednesday,0.176,-0.164,0.856
0,2019-02-27 10:53:23,Wednesday,0.164,-0.168,0.856
0,2019-02-27 10:53:24,Wednesday,0.172,-0.164,0.86
0,2019-02-27 10:53:25,Wednesday,0.172,-0.16,0.852
0,2019-02-27 10:53:26,Wednesday,0.172,-0.164,0.86
0,2019-02-27 10:53:27,Wednesday,0.168,-0.16,0.856
0,2019-02-27 10:53:28,Wednesday,0.172,-0.164,0.852
0,2019-02-27 10:53:30,Wednesday,0.172,-0.164,0.856
0,2019-02-27 10:53:31,Wednesday,0.18,-0.168,0.868
0,2019-02-27 10:53:32,Wednesday,0.18,-0.168,0.86
0,2019-02-27 10:53:33,Wednesday,0.172,-0.156,0.852
0,2019-02-27 10:53:34,Wednesday,0.172,-0.164,0.848
0,2019-02-27 10:53:35,Wednesday,0.172,-0.16,0.852
0,2019-02-27 10:53:37,Wednesday,0.164,-0.164,0.852
0,2019-02-27 10:53:38,Wednesday,0.176,-0.172,0.86
0,2019-02-27 10:53:39,Wednesday,0.172,-0.164,0.86
0,2019-02-27 10:53:40,Wednesday,0.176,-0.168,0.856
0,2019-02-27 10:53:41,Wednesday,0.176,-0.156,0.86
0,2019-02-27 10:53:42,Wednesday,0.176,-0.164,0.864
0,2019-02-27 10:53:44,Wednesday,0.168,-0.164,0.86
0,2019-02-27 10:53:45,Wednesday,0.172,-0.164,0.86
0,2019-02-27 10:53:46,Wednesday,0.172,-0.164,0.856
0,2019-02-27 10:53:47,Wednesday,0.172,-0.164,0.86
0,2019-02-27 10:53:48,Wednesday,0.172,-0.164,0.864
0,2019-02-27 10:53:49,Wednesday,0.176,-0.16,0.856
0,2019-02-27 10:53:51,Wednesday,0.172,-0.164,0.86
0,2019-02-27 10:53:52,Wednesday,0.172,-0.156,0.856
0,2019-02-27 10:53:53,Wednesday,0.172,-0.156,0.86
0,2019-02-27 10:53:54,Wednesday,0.172,-0.16,0.856
0,2019-02-27 10:53:55,Wednesday,0.172,-0.164,0.856
0,2019-02-27 10:53:57,Wednesday,0.168,-0.168,0.856
0,2019-02-27 10:53:58,Wednesday,0.172,-0.16,0.852
0,2019-02-27 10:53:59,Wednesday,0.184,-0.168,0.86
0,2019-02-27 10:54:00,Wednesday,0.172,-0.168,0.856
0,2019-02-27 10:54:01,Wednesday,0.176,-0.168,0.86
0,2019-02-27 10:54:02,Wednesday,0.168,-0.168,0.856
0,2019-02-27 10:54:04,Wednesday,0.176,-0.16,0.832
0,2019-02-27 10:54:05,Wednesday,0.172,-0.16,0.852
0,2019-02-27 10:54:06,Wednesday,0.18,-0.164,0.856
0,2019-02-27 10:54:07,Wednesday,0.18,-0.164,0.856
0,2019-02-27 10:54:08,Wednesday,0.172,-0.164,0.856
0,2019-02-27 10:54:09,Wednesday,0.168,-0.164,0.86
0,2019-02-27 10:54:11,Wednesday,0.176,-0.168,0.848
0,2019-02-27 10:54:12,Wednesday,0.176,-0.164,0.856
0,2019-02-27 10:54:13,Wednesday,0.176,-0.164,0.852
0,2019-02-27 10:54:14,Wednesday,0.172,-0.168,0.852
0,2019-02-27 10:54:15,Wednesday,0.168,-0.168,0.848
0,2019-02-27 10:54:16,Wednesday,0.168,-0.168,0.856
0,2019-02-27 10:54:18,Wednesday,0.176,-0.172,0.856
0,2019-02-27 10:54:19,Wednesday,0.164,-0.168,0.852
0,2019-02-27 10:54:20,Wednesday,0.168,-0.172,0.856
0,2019-02-27 10:54:21,Wednesday,0.172,-0.168,0.856
0,2019-02-27 10:54:22,Wednesday,0.172,-0.172,0.864
0,2019-02-27 10:54:23,Wednesday,0.164,-0.172,0.852
0,2019-02-27 10:54:25,Wednesday,0.168,-0.176,0.852
0,2019-02-27 10:54:26,Wednesday,0.168,-0.176,0.86
0,2019-02-27 10:54:27,Wednesday,0.172,-0.172,0.856
0,2019-02-27 10:54:28,Wednesday,0.172,-0.176,0.856
0,2019-02-27 10:54:29,Wednesday,0.168,-0.164,0.852
0,2019-02-27 10:54:30,Wednesday,0.164,-0.172,0.852
0,2019-02-27 10:54:32,Wednesday,0.172,-0.172,0.856
0,2019-02-27 10:54:33,Wednesday,0.176,-0.172,0.848
0,2019-02-27 10:54:34,Wednesday,0.176,-0.168,0.852
0,2019-02-27 10:54:35,Wednesday,0.168,-0.164,0.852
0,2019-02-27 10:54:36,Wednesday,0.172,-0.172,0.852
0,2019-02-27 10:54:37,Wednesday,0.168,-0.168,0.852
0,2019-02-27 10:54:39,Wednesday,0.172,-0.168,0.856
0,2019-02-27 10:54:40,Wednesday,0.168,-0.172,0.852
0,2019-02-27 10:54:41,Wednesday,0.172,-0.172,0.856
0,2019-02-27 10:54:42,Wednesday,0.172,-0.168,0.856
0,2019-02-27 10:54:43,Wednesday,0.168,-0.172,0.852
0,2019-02-27 10:54:44,Wednesday,0.172,-0.168,0.852
0,2019-02-27 10:54:46,Wednesday,0.172,-0.168,0.852
0,2019-02-27 10:54:47,Wednesday,0.168,-0.176,0.848
0,2019-02-27 10:54:48,Wednesday,0.172,-0.176,0.856
0,2019-02-27 10:54:49,Wednesday,0.176,-0.176,0.856
0,2019-02-27 10:54:50,Wednesday,0.168,-0.168,0.852
0,2019-02-27 10:54:52,Wednesday,0.164,-0.168,0.856
0,2019-02-27 10:54:53,Wednesday,0.176,-0.172,0.848
0,2019-02-27 10:54:54,Wednesday,0.172,-0.176,0.852
0,2019-02-27 10:54:55,Wednesday,0.172,-0.18,0.856
0,2019-02-27 10:54:56,Wednesday,0.172,-0.168,0.848
0,2019-02-27 10:54:57,Wednesday,0.172,-0.172,0.86
0,2019-02-27 10:54:59,Wednesday,0.172,-0.172,0.852
0,2019-02-27 10:55:00,Wednesday,0.168,-0.164,0.852
0,2019-02-27 10:55:01,Wednesday,0.164,-0.168,0.852
0,2019-02-27 10:55:02,Wednesday,0.172,-0.172,0.856
0,2019-02-27 10:55:03,Wednesday,0.172,-0.168,0.852
0,2019-02-27 10:55:04,Wednesday,0.176,-0.172,0.852
0,2019-02-27 10:55:06,Wednesday,0.168,-0.168,0.852
0,2019-02-27 10:55:07,Wednesday,0.168,-0.168,0.856
0,2019-02-27 10:55:08,Wednesday,0.168,-0.172,0.856
0,2019-02-27 10:55:09,Wednesday,0.168,-0.172,0.848
0,2019-02-27 10:55:10,Wednesday,0.168,-0.164,0.848
0,2019-02-27 10:55:11,Wednesday,0.18,-0.176,0.848
0,2019-02-27 10:55:13,Wednesday,0.168,-0.172,0.856
0,2019-02-27 10:55:14,Wednesday,0.172,-0.176,0.852
0,2019-02-27 10:55:15,Wednesday,0.172,-0.172,0.848
0,2019-02-27 10:55:16,Wednesday,0.168,-0.168,0.856
0,2019-02-27 10:55:17,Wednesday,0.168,-0.172,0.852
0,2019-02-27 10:55:18,Wednesday,0.168,-0.172,0.848
0,2019-02-27 10:55:20,Wednesday,0.168,-0.172,0.852
0,2019-02-27 10:55:21,Wednesday,0.168,-0.164,0.848
0,2019-02-27 10:55:22,Wednesday,0.172,-0.168,0.86
0,2019-02-27 10:55:23,Wednesday,0.168,-0.176,0.856
0,2019-02-27 10:55:24,Wednesday,0.168,-0.168,0.848
0,2019-02-27 10:55:25,Wednesday,0.168,-0.168,0.852
0,2019-02-27 10:55:27,Wednesday,0.168,-0.172,0.844
0,2019-02-27 10:55:28,Wednesday,0.172,-0.168,0.856
0,2019-02-27 10:55:29,Wednesday,0.172,-0.172,0.852
0,2019-02-27 10:55:30,Wednesday,0.168,-0.164,0.86
0,2019-02-27 10:55:31,Wednesday,0.168,-0.172,0.852
0,2019-02-27 10:55:32,Wednesday,0.168,-0.176,0.852
0,2019-02-27 10:55:34,Wednesday,0.168,-0.172,0.844
0,2019-02-27 10:55:35,Wednesday,0.172,-0.172,0.86
0,2019-02-27 10:55:36,Wednesday,0.172,-0.176,0.86
0,2019-02-27 10:55:37,Wednesday,0.164,-0.172,0.852
0,2019-02-27 10:55:38,Wednesday,0.172,-0.172,0.852
0,2019-02-27 10:55:39,Wednesday,0.172,-0.168,0.852
0,2019-02-27 10:55:41,Wednesday,0.172,-0.168,0.852
0,2019-02-27 10:55:42,Wednesday,0.176,-0.172,0.856
0,2019-02-27 10:55:43,Wednesday,0.172,-0.172,0.856
0,2019-02-27 10:55:44,Wednesday,0.172,-0.168,0.852
0,2019-02-27 10:55:45,Wednesday,0.168,-0.164,0.856
0,2019-02-27 10:55:47,Wednesday,0.168,-0.172,0.852
0,2019-02-27 10:55:48,Wednesday,0.168,-0.168,0.852
0,2019-02-27 10:55:49,Wednesday,0.168,-0.168,0.86
0,2019-02-27 10:55:50,Wednesday,0.168,-0.172,0.848
0,2019-02-27 10:55:51,Wednesday,0.176,-0.172,0.852
0,2019-02-27 10:55:52,Wednesday,0.164,-0.168,0.852
0,2019-02-27 10:55:54,Wednesday,0.172,-0.164,0.856
0,2019-02-27 10:55:55,Wednesday,0.172,-0.168,0.844
0,2019-02-27 10:55:56,Wednesday,0.172,-0.172,0.86
0,2019-02-27 10:55:57,Wednesday,0.172,-0.172,0.86
0,2019-02-27 10:55:58,Wednesday,0.176,-0.172,0.86
0,2019-02-27 10:55:59,Wednesday,0.172,-0.164,0.856
0,2019-02-27 10:56:01,Wednesday,0.164,-0.172,0.856
0,2019-02-27 10:56:02,Wednesday,0.172,-0.176,0.856
0,2019-02-27 10:56:03,Wednesday,0.172,-0.172,0.852
0,2019-02-27 10:56:04,Wednesday,0.172,-0.168,0.86
0,2019-02-27 10:56:05,Wednesday,0.176,-0.172,0.852
0,2019-02-27 10:56:06,Wednesday,0.176,-0.18,0.844
0,2019-02-27 10:56:08,Wednesday,0.172,-0.168,0.848
0,2019-02-27 10:56:09,Wednesday,0.172,-0.168,0.852
0,2019-02-27 10:56:10,Wednesday,0.168,-0.168,0.856
0,2019-02-27 10:56:11,Wednesday,0.168,-0.172,0.852
0,2019-02-27 10:56:12,Wednesday,0.176,-0.172,0.856
0,2019-02-27 10:56:13,Wednesday,0.168,-0.176,0.856
0,2019-02-27 10:56:15,Wednesday,0.168,-0.168,0.856
0,2019-02-27 10:56:16,Wednesday,0.172,-0.18,0.844
0,2019-02-27 10:56:17,Wednesday,0.176,-0.176,0.848
0,2019-02-27 10:56:18,Wednesday,0.172,-0.172,0.856
0,2019-02-27 10:56:19,Wednesday,0.172,-0.168,0.856
0,2019-02-27 10:56:20,Wednesday,0.172,-0.168,0.848
0,2019-02-27 10:56:22,Wednesday,0.172,-0.172,0.848
0,2019-02-27 10:56:23,Wednesday,0.172,-0.172,0.856
0,2019-02-27 10:56:24,Wednesday,0.168,-0.168,0.844
0,2019-02-27 10:56:25,Wednesday,0.168,-0.168,0.864
0,2019-02-27 10:56:26,Wednesday,0.164,-0.176,0.852
0,2019-02-27 10:56:28,Wednesday,0.168,-0.172,0.852
0,2019-02-27 10:56:29,Wednesday,0.172,-0.168,0.848
0,2019-02-27 10:56:30,Wednesday,0.168,-0.172,0.86
0,2019-02-27 10:56:31,Wednesday,0.168,-0.172,0.86
0,2019-02-27 10:56:32,Wednesday,0.172,-0.176,0.852
0,2019-02-27 10:56:33,Wednesday,0.172,-0.172,0.848
0,2019-02-27 10:56:35,Wednesday,0.168,-0.172,0.856
0,2019-02-27 10:56:36,Wednesday,0.172,-0.168,0.86
0,2019-02-27 10:56:37,Wednesday,0.164,-0.172,0.856
0,2019-02-27 10:56:38,Wednesday,0.172,-0.172,0.856
0,2019-02-27 10:56:39,Wednesday,0.176,-0.172,0.844
0,2019-02-27 10:56:40,Wednesday,0.172,-0.168,0.852
0,2019-02-27 10:56:42,Wednesday,0.168,-0.172,0.848
0,2019-02-27 10:56:43,Wednesday,0.168,-0.172,0.864
0,2019-02-27 10:56:44,Wednesday,0.164,-0.164,0.848
0,2019-02-27 10:56:45,Wednesday,0.172,-0.172,0.852
0,2019-02-27 10:56:46,Wednesday,0.168,-0.172,0.856
0,2019-02-27 10:56:47,Wednesday,0.172,-0.172,0.856
0,2019-02-27 10:56:49,Wednesday,0.172,-0.172,0.852
0,2019-02-27 10:56:50,Wednesday,0.168,-0.164,0.848
0,2019-02-27 10:56:51,Wednesday,0.168,-0.168,0.856
0,2019-02-27 10:56:52,Wednesday,0.164,-0.164,0.86
0,2019-02-27 10:56:53,Wednesday,0.176,-0.176,0.852
0,2019-02-27 10:56:54,Wednesday,0.172,-0.168,0.856
0,2019-02-27 10:56:56,Wednesday,0.172,-0.176,0.844
0,2019-02-27 10:56:57,Wednesday,0.164,-0.168,0.848
0,2019-02-27 10:56:58,Wednesday,0.172,-0.172,0.856
0,2019-02-27 10:56:59,Wednesday,0.168,-0.172,0.86
0,2019-02-27 10:57:00,Wednesday,0.18,-0.176,0.856
0,2019-02-27 10:57:01,Wednesday,0.168,-0.164,0.852
0,2019-02-27 10:57:03,Wednesday,0.176,-0.172,0.848
0,2019-02-27 10:57:04,Wednesday,0.164,-0.168,0.856
0,2019-02-27 10:57:05,Wednesday,0.176,-0.172,0.852
0,2019-02-27 10:57:06,Wednesday,0.172,-0.168,0.848
0,2019-02-27 10:57:07,Wednesday,0.168,-0.176,0.86
0,2019-02-27 10:57:09,Wednesday,0.176,-0.168,0.86
0,2019-02-27 10:57:10,Wednesday,0.164,-0.168,0.852
0,2019-02-27 10:57:11,Wednesday,0.172,-0.172,0.856
0,2019-02-27 10:57:12,Wednesday,0.172,-0.164,0.856
0,2019-02-27 10:57:13,Wednesday,0.168,-0.164,0.852
0,2019-02-27 10:57:14,Wednesday,0.168,-0.164,0.852
0,2019-02-27 10:57:16,Wednesday,0.172,-0.172,0.852
0,2019-02-27 10:57:17,Wednesday,0.168,-0.168,0.852
0,2019-02-27 10:57:18,Wednesday,0.172,-0.168,0.856
0,2019-02-27 10:57:19,Wednesday,0.172,-0.172,0.86
0,2019-02-27 10:57:20,Wednesday,0.172,-0.168,0.848
0,2019-02-27 10:57:21,Wednesday,0.172,-0.168,0.856
0,2019-02-27 10:57:23,Wednesday,0.172,-0.172,0.856
0,2019-02-27 10:57:24,Wednesday,0.168,-0.168,0.852
0,2019-02-27 10:57:25,Wednesday,0.176,-0.172,0.848
0,2019-02-27 10:57:26,Wednesday,0.176,-0.168,0.852
0,2019-02-27 10:57:27,Wednesday,0.172,-0.164,0.856
0,2019-02-27 10:57:28,Wednesday,0.172,-0.172,0.852
0,2019-02-27 10:57:30,Wednesday,0.172,-0.176,0.856
0,2019-02-27 10:57:31,Wednesday,0.168,-0.168,0.852
0,2019-02-27 10:57:32,Wednesday,0.172,-0.168,0.856
0,2019-02-27 10:57:33,Wednesday,0.176,-0.168,0.852
0,2019-02-27 10:57:34,Wednesday,0.18,-0.164,0.852
0,2019-02-27 10:57:35,Wednesday,0.168,-0.168,0.852
0,2019-02-27 10:57:37,Wednesday,0.168,-0.16,0.856
0,2019-02-27 10:57:38,Wednesday,0.176,-0.172,0.848
0,2019-02-27 10:57:39,Wednesday,0.168,-0.164,0.852
0,2019-02-27 10:57:40,Wednesday,0.168,-0.168,0.852
0,2019-02-27 10:57:41,Wednesday,0.176,-0.176,0.86
0,2019-02-27 10:57:42,Wednesday,0.176,-0.172,0.852
0,2019-02-27 10:57:44,Wednesday,0.172,-0.16,0.856
0,2019-02-27 10:57:45,Wednesday,0.176,-0.172,0.852
0,2019-02-27 10:57:46,Wednesday,0.172,-0.176,0.856
0,2019-02-27 10:57:47,Wednesday,0.172,-0.172,0.852
0,2019-02-27 10:57:48,Wednesday,0.168,-0.168,0.86
0,2019-02-27 10:57:49,Wednesday,0.176,-0.168,0.852
0,2019-02-27 10:57:51,Wednesday,0.168,-0.172,0.852
0,2019-02-27 10:57:52,Wednesday,0.172,-0.172,0.856
0,2019-02-27 10:57:53,Wednesday,0.168,-0.172,0.864
0,2019-02-27 10:57:54,Wednesday,0.172,-0.172,0.852
0,2019-02-27 10:57:55,Wednesday,0.172,-0.176,0.86
0,2019-02-27 10:57:57,Wednesday,0.172,-0.168,0.856
0,2019-02-27 10:57:58,Wednesday,0.18,-0.172,0.856
0,2019-02-27 10:57:59,Wednesday,0.168,-0.172,0.856
0,2019-02-27 10:58:00,Wednesday,0.172,-0.164,0.856
0,2019-02-27 10:58:01,Wednesday,0.164,-0.172,0.856
0,2019-02-27 10:58:02,Wednesday,0.168,-0.172,0.852
0,2019-02-27 10:58:04,Wednesday,0.176,-0.168,0.856
0,2019-02-27 10:58:05,Wednesday,0.168,-0.168,0.852
0,2019-02-27 10:58:06,Wednesday,0.164,-0.168,0.852
0,2019-02-27 10:58:07,Wednesday,0.176,-0.168,0.86
0,2019-02-27 10:58:08,Wednesday,0.172,-0.172,0.852
0,2019-02-27 10:58:09,Wednesday,0.168,-0.164,0.86
0,2019-02-27 10:58:11,Wednesday,0.164,-0.172,0.872
0,2019-02-27 10:58:12,Wednesday,0.172,-0.168,0.852
0,2019-02-27 10:58:13,Wednesday,0.18,-0.172,0.852
0,2019-02-27 10:58:14,Wednesday,0.172,-0.164,0.856
0,2019-02-27 10:58:15,Wednesday,0.168,-0.164,0.856
0,2019-02-27 10:58:16,Wednesday,0.168,-0.164,0.856
0,2019-02-27 10:58:18,Wednesday,0.332,-0.136,0.824
0,2019-02-27 10:58:19,Wednesday,0.376,-0.112,0.824
0,2019-02-27 10:58:20,Wednesday,0.376,-0.116,0.82
0,2019-02-27 10:58:21,Wednesday,0.368,-0.116,0.824
0,2019-02-27 10:58:22,Wednesday,0.376,-0.12,0.828
0,2019-02-27 10:58:23,Wednesday,0.368,-0.116,0.828
0,2019-02-27 10:58:25,Wednesday,0.376,-0.12,0.82
0,2019-02-27 10:58:26,Wednesday,0.372,-0.112,0.824
0,2019-02-27 10:58:27,Wednesday,0.368,-0.116,0.832
0,2019-02-27 10:58:28,Wednesday,0.368,-0.116,0.828
0,2019-02-27 10:58:29,Wednesday,0.376,-0.116,0.824
0,2019-02-27 10:58:31,Wednesday,0.372,-0.12,0.828
0,2019-02-27 10:58:32,Wednesday,0.372,-0.112,0.828
0,2019-02-27 10:58:33,Wednesday,0.368,-0.116,0.84
0,2019-02-27 10:58:34,Wednesday,0.368,-0.112,0.82
0,2019-02-27 10:58:35,Wednesday,0.364,-0.112,0.82
0,2019-02-27 10:58:36,Wednesday,0.368,-0.112,0.82
0,2019-02-27 10:58:38,Wednesday,0.368,-0.116,0.824
0,2019-02-27 10:58:39,Wednesday,0.376,-0.12,0.824
0,2019-02-27 10:58:40,Wednesday,0.364,-0.116,0.824
0,2019-02-27 10:58:41,Wednesday,0.372,-0.12,0.828
0,2019-02-27 10:58:42,Wednesday,0.376,-0.124,0.828
0,2019-02-27 10:58:43,Wednesday,0.372,-0.12,0.824
0,2019-02-27 10:58:45,Wednesday,0.372,-0.116,0.824
0,2019-02-27 10:58:46,Wednesday,0.372,-0.116,0.832
0,2019-02-27 10:58:47,Wednesday,0.376,-0.124,0.824
0,2019-02-27 10:58:48,Wednesday,0.372,-0.112,0.828
0,2019-02-27 10:58:49,Wednesday,0.372,-0.116,0.828
0,2019-02-27 10:58:51,Wednesday,0.372,-0.12,0.828
0,2019-02-27 10:58:52,Wednesday,0.368,-0.112,0.828
0,2019-02-27 10:58:53,Wednesday,0.372,-0.116,0.828
0,2019-02-27 10:58:54,Wednesday,0.372,-0.112,0.828
0,2019-02-27 10:58:55,Wednesday,0.368,-0.12,0.828
0,2019-02-27 10:58:56,Wednesday,0.372,-0.116,0.82
0,2019-02-27 10:58:58,Wednesday,0.368,-0.112,0.82
0,2019-02-27 10:58:59,Wednesday,0.372,-0.116,0.824
0,2019-02-27 10:59:00,Wednesday,0.372,-0.112,0.82
0,2019-02-27 10:59:01,Wednesday,0.364,-0.116,0.828
0,2019-02-27 10:59:02,Wednesday,0.376,-0.12,0.832
0,2019-02-27 10:59:03,Wednesday,0.372,-0.116,0.832
0,2019-02-27 10:59:05,Wednesday,0.368,-0.112,0.824
0,2019-02-27 10:59:06,Wednesday,0.372,-0.124,0.828
0,2019-02-27 10:59:07,Wednesday,0.368,-0.12,0.824
0,2019-02-27 10:59:08,Wednesday,0.372,-0.112,0.832
0,2019-02-27 10:59:09,Wednesday,0.368,-0.112,0.82
0,2019-02-27 10:59:10,Wednesday,0.368,-0.116,0.82
0,2019-02-27 10:59:12,Wednesday,0.368,-0.116,0.828
0,2019-02-27 10:59:13,Wednesday,0.36,-0.12,0.832
0,2019-02-27 10:59:14,Wednesday,0.368,-0.116,0.82
0,2019-02-27 10:59:15,Wednesday,0.372,-0.12,0.824
0,2019-02-27 10:59:16,Wednesday,0.372,-0.116,0.828
0,2019-02-27 10:59:18,Wednesday,0.368,-0.112,0.828
0,2019-02-27 10:59:19,Wednesday,0.368,-0.108,0.816
0,2019-02-27 10:59:20,Wednesday,0.364,-0.116,0.824
0,2019-02-27 10:59:21,Wednesday,0.372,-0.12,0.824
0,2019-02-27 10:59:22,Wednesday,0.368,-0.116,0.828
0,2019-02-27 10:59:23,Wednesday,0.368,-0.112,0.824
0,2019-02-27 10:59:25,Wednesday,0.368,-0.124,0.82
0,2019-02-27 10:59:26,Wednesday,0.368,-0.116,0.82
0,2019-02-27 10:59:27,Wednesday,0.368,-0.112,0.828
0,2019-02-27 10:59:28,Wednesday,0.364,-0.116,0.832
0,2019-02-27 10:59:29,Wednesday,0.376,-0.124,0.828
0,2019-02-27 10:59:30,Wednesday,0.372,-0.112,0.828
0,2019-02-27 10:59:32,Wednesday,0.368,-0.112,0.828
0,2019-02-27 10:59:33,Wednesday,0.368,-0.12,0.828
0,2019-02-27 10:59:34,Wednesday,0.368,-0.104,0.824
0,2019-02-27 10:59:35,Wednesday,0.368,-0.116,0.828
0,2019-02-27 10:59:36,Wednesday,0.368,-0.12,0.828
0,2019-02-27 10:59:38,Wednesday,0.368,-0.116,0.82
0,2019-02-27 10:59:39,Wednesday,0.368,-0.116,0.832
0,2019-02-27 10:59:40,Wednesday,0.368,-0.112,0.824
0,2019-02-27 10:59:41,Wednesday,0.372,-0.12,0.82
0,2019-02-27 10:59:42,Wednesday,0.372,-0.12,0.824
0,2019-02-27 10:59:43,Wednesday,0.372,-0.112,0.824
0,2019-02-27 10:59:45,Wednesday,0.372,-0.116,0.828
0,2019-02-27 10:59:46,Wednesday,0.372,-0.12,0.828
0,2019-02-27 10:59:47,Wednesday,0.368,-0.112,0.832
0,2019-02-27 10:59:48,Wednesday,0.364,-0.112,0.828
0,2019-02-27 10:59:49,Wednesday,0.376,-0.108,0.828
0,2019-02-27 10:59:50,Wednesday,0.372,-0.116,0.824
0,2019-02-27 10:59:52,Wednesday,0.368,-0.116,0.828
0,2019-02-27 10:59:53,Wednesday,0.372,-0.112,0.824
0,2019-02-27 10:59:54,Wednesday,0.368,-0.116,0.828
0,2019-02-27 10:59:55,Wednesday,0.372,-0.116,0.832
0,2019-02-27 10:59:56,Wednesday,0.372,-0.112,0.828
0,2019-02-27 10:59:57,Wednesday,0.368,-0.116,0.828
0,2019-02-27 10:59:59,Wednesday,0.364,-0.12,0.824
0,2019-02-27 11:00:00,Wednesday,0.368,-0.12,0.824
0,2019-02-27 11:00:01,Wednesday,0.36,-0.112,0.82
0,2019-02-27 11:00:02,Wednesday,0.364,-0.12,0.824
0,2019-02-27 11:00:03,Wednesday,0.368,-0.12,0.82
0,2019-02-27 11:00:05,Wednesday,0.364,-0.116,0.828
0,2019-02-27 11:00:06,Wednesday,0.368,-0.116,0.836
0,2019-02-27 11:00:07,Wednesday,0.364,-0.116,0.82
0,2019-02-27 11:00:08,Wednesday,0.368,-0.124,0.832
0,2019-02-27 11:00:09,Wednesday,0.368,-0.116,0.828
0,2019-02-27 11:00:10,Wednesday,0.372,-0.132,0.82
0,2019-02-27 11:00:12,Wednesday,0.36,-0.124,0.824
0,2019-02-27 11:00:13,Wednesday,0.368,-0.12,0.828
0,2019-02-27 11:00:14,Wednesday,0.36,-0.116,0.816
0,2019-02-27 11:00:15,Wednesday,0.364,-0.12,0.824
0,2019-02-27 11:00:16,Wednesday,0.364,-0.12,0.82
0,2019-02-27 11:00:17,Wednesday,0.368,-0.116,0.82
0,2019-02-27 11:00:19,Wednesday,0.364,-0.12,0.824
0,2019-02-27 11:00:20,Wednesday,0.368,-0.12,0.828
0,2019-02-27 11:00:21,Wednesday,0.364,-0.12,0.824
0,2019-02-27 11:00:22,Wednesday,0.36,-0.112,0.824
0,2019-02-27 11:00:23,Wednesday,0.368,-0.12,0.828
0,2019-02-27 11:00:25,Wednesday,0.364,-0.12,0.828
0,2019-02-27 11:00:26,Wednesday,0.368,-0.116,0.824
0,2019-02-27 11:00:27,Wednesday,0.36,-0.112,0.828
0,2019-02-27 11:00:28,Wednesday,0.356,-0.116,0.828
0,2019-02-27 11:00:29,Wednesday,0.364,-0.116,0.824
0,2019-02-27 11:00:30,Wednesday,0.368,-0.124,0.832
0,2019-02-27 11:00:32,Wednesday,0.368,-0.112,0.824
0,2019-02-27 11:00:33,Wednesday,0.372,-0.116,0.824
0,2019-02-27 11:00:34,Wednesday,0.368,-0.116,0.828
0,2019-02-27 11:00:35,Wednesday,0.368,-0.12,0.824
0,2019-02-27 11:00:36,Wednesday,0.364,-0.112,0.828
0,2019-02-27 11:00:37,Wednesday,0.364,-0.112,0.824
0,2019-02-27 11:00:39,Wednesday,0.368,-0.116,0.824
0,2019-02-27 11:00:40,Wednesday,0.36,-0.112,0.824
0,2019-02-27 11:00:41,Wednesday,0.368,-0.124,0.824
0,2019-02-27 11:00:42,Wednesday,0.364,-0.116,0.824
0,2019-02-27 11:00:43,Wednesday,0.368,-0.12,0.828
0,2019-02-27 11:00:44,Wednesday,0.364,-0.12,0.824
0,2019-02-27 11:00:46,Wednesday,0.372,-0.12,0.832
0,2019-02-27 11:00:47,Wednesday,0.364,-0.112,0.832
0,2019-02-27 11:00:48,Wednesday,0.368,-0.116,0.828
0,2019-02-27 11:00:49,Wednesday,0.368,-0.112,0.828
0,2019-02-27 11:00:50,Wednesday,0.368,-0.116,0.82
0,2019-02-27 11:00:51,Wednesday,0.368,-0.12,0.824
0,2019-02-27 11:00:53,Wednesday,0.376,-0.116,0.832
0,2019-02-27 11:00:54,Wednesday,0.368,-0.112,0.828
0,2019-02-27 11:00:55,Wednesday,0.372,-0.12,0.824
0,2019-02-27 11:00:56,Wednesday,0.372,-0.116,0.824
0,2019-02-27 11:00:57,Wednesday,0.364,-0.112,0.824
0,2019-02-27 11:00:58,Wednesday,0.376,-0.116,0.828
0,2019-02-27 11:01:00,Wednesday,0.368,-0.112,0.824
0,2019-02-27 11:01:01,Wednesday,0.38,-0.108,0.848
0,2019-02-27 11:01:02,Wednesday,0.328,-0.244,0.816
0,2019-02-27 11:01:03,Wednesday,0.328,-0.248,0.812
0,2019-02-27 11:01:04,Wednesday,0.324,-0.244,0.812
0,2019-02-27 11:01:05,Wednesday,0.332,-0.248,0.816
0,2019-02-27 11:01:07,Wednesday,0.324,-0.248,0.82
0,2019-02-27 11:01:08,Wednesday,0.328,-0.252,0.816
0,2019-02-27 11:01:09,Wednesday,0.324,-0.248,0.812
0,2019-02-27 11:01:10,Wednesday,0.332,-0.248,0.808
0,2019-02-27 11:01:11,Wednesday,0.324,-0.252,0.816
0,2019-02-27 11:01:12,Wednesday,0.332,-0.252,0.816
0,2019-02-27 11:01:14,Wednesday,0.324,-0.248,0.808
0,2019-02-27 11:01:15,Wednesday,0.332,-0.248,0.812
0,2019-02-27 11:01:16,Wednesday,0.328,-0.248,0.816
0,2019-02-27 11:01:17,Wednesday,0.32,-0.252,0.816
0,2019-02-27 11:01:18,Wednesday,0.336,-0.252,0.82
0,2019-02-27 11:01:20,Wednesday,0.324,-0.248,0.816
0,2019-02-27 11:01:21,Wednesday,0.32,-0.228,0.824
0,2019-02-27 11:01:22,Wednesday,0.324,-0.252,0.82
0,2019-02-27 11:01:23,Wednesday,0.324,-0.252,0.812
0,2019-02-27 11:01:24,Wednesday,0.332,-0.252,0.796
0,2019-02-27 11:01:25,Wednesday,0.148,-0.272,0.884
0,2019-02-27 11:01:27,Wednesday,0.16,-0.516,0.736
0,2019-02-27 11:01:28,Wednesday,0.156,-0.516,0.74
0,2019-02-27 11:01:29,Wednesday,0.156,-0.516,0.744
0,2019-02-27 11:01:30,Wednesday,0.156,-0.516,0.736
0,2019-02-27 11:01:31,Wednesday,0.156,-0.512,0.736
0,2019-02-27 11:01:33,Wednesday,0.152,-0.516,0.74
0,2019-02-27 11:01:34,Wednesday,0.148,-0.516,0.736
0,2019-02-27 11:01:35,Wednesday,0.152,-0.516,0.74
0,2019-02-27 11:01:36,Wednesday,0.152,-0.512,0.74
0,2019-02-27 11:01:37,Wednesday,0.152,-0.516,0.744
0,2019-02-27 11:01:39,Wednesday,0.148,-0.512,0.74
0,2019-02-27 11:01:40,Wednesday,0.156,-0.512,0.74
0,2019-02-27 11:01:41,Wednesday,0.152,-0.512,0.736
0,2019-02-27 11:01:42,Wednesday,0.148,-0.512,0.744
0,2019-02-27 11:01:43,Wednesday,0.152,-0.512,0.744
0,2019-02-27 11:01:44,Wednesday,0.152,-0.508,0.74
0,2019-02-27 11:01:46,Wednesday,0.148,-0.512,0.736
0,2019-02-27 11:01:47,Wednesday,0.152,-0.508,0.736
0,2019-02-27 11:01:50,Wednesday,0.156,-0.516,0.74
0,2019-02-27 11:01:52,Wednesday,0.152,-0.508,0.744
0,2019-02-27 11:01:55,Wednesday,0.152,-0.512,0.736
0,2019-02-27 11:01:58,Wednesday,0.148,-0.512,0.74
0,2019-02-27 11:02:00,Wednesday,0.156,-0.512,0.748
0,2019-02-27 11:02:03,Wednesday,0.148,-0.516,0.74
0,2019-02-27 11:02:06,Wednesday,0.148,-0.516,0.736
0,2019-02-27 11:02:08,Wednesday,0.152,-0.516,0.74
0,2019-02-27 11:02:12,Wednesday,0.152,-0.512,0.744
0,2019-02-27 11:02:15,Wednesday,0.152,-0.516,0.744
0,2019-02-27 11:02:17,Wednesday,0.144,-0.512,0.744
0,2019-02-27 11:02:20,Wednesday,0.152,-0.512,0.736
0,2019-02-27 11:02:23,Wednesday,0.152,-0.512,0.74
0,2019-02-27 11:02:25,Wednesday,0.152,-0.516,0.744
0,2019-02-27 11:02:28,Wednesday,0.148,-0.512,0.744
0,2019-02-27 11:02:30,Wednesday,0.144,-0.508,0.736
0,2019-02-27 11:02:33,Wednesday,0.156,-0.516,0.744
0,2019-02-27 11:02:36,Wednesday,0.152,-0.516,0.74
0,2019-02-27 11:02:39,Wednesday,0.152,-0.512,0.736
0,2019-02-27 11:02:41,Wednesday,0.148,-0.516,0.736
0,2019-02-27 11:02:44,Wednesday,0.152,-0.512,0.74
0,2019-02-27 11:02:47,Wednesday,0.152,-0.512,0.744
0,2019-02-27 11:02:50,Wednesday,0.148,-0.512,0.74
0,2019-02-27 11:02:52,Wednesday,0.152,-0.516,0.744
0,2019-02-27 11:02:55,Wednesday,0.148,-0.512,0.744
0,2019-02-27 11:02:58,Wednesday,0.152,-0.508,0.728
0,2019-02-27 11:03:00,Wednesday,0.144,-0.516,0.736
0,2019-02-27 11:03:03,Wednesday,0.148,-0.508,0.74
0,2019-02-27 11:03:05,Wednesday,0.156,-0.516,0.748
0,2019-02-27 11:03:08,Wednesday,0.148,-0.508,0.74
0,2019-02-27 11:03:10,Wednesday,0.144,-0.512,0.744
0,2019-02-27 11:03:13,Wednesday,0.148,-0.512,0.748
0,2019-02-27 11:03:16,Wednesday,0.144,-0.516,0.748
0,2019-02-27 11:03:19,Wednesday,0.152,-0.512,0.744
0,2019-02-27 11:03:21,Wednesday,0.144,-0.512,0.744
0,2019-02-27 11:03:24,Wednesday,0.156,-0.512,0.736
0,2019-02-27 11:03:27,Wednesday,0.148,-0.516,0.744
0,2019-02-27 11:03:29,Wednesday,0.152,-0.512,0.74
0,2019-02-27 11:03:32,Wednesday,0.144,-0.512,0.74
0,2019-02-27 11:03:35,Wednesday,0.14,-0.504,0.74
0,2019-02-27 11:03:38,Wednesday,0.148,-0.512,0.732
0,2019-02-27 11:03:41,Wednesday,0.148,-0.512,0.74
0,2019-02-27 11:03:43,Wednesday,0.152,-0.516,0.736
0,2019-02-27 11:03:47,Wednesday,0.148,-0.508,0.744
0,2019-02-27 11:03:50,Wednesday,0.148,-0.512,0.752
0,2019-02-27 11:03:52,Wednesday,0.152,-0.516,0.744
0,2019-02-27 11:03:55,Wednesday,0.148,-0.512,0.744
0,2019-02-27 11:03:58,Wednesday,0.144,-0.512,0.74
0,2019-02-27 11:04:01,Wednesday,0.148,-0.516,0.74
0,2019-02-27 11:04:04,Wednesday,0.152,-0.508,0.74
0,2019-02-27 11:04:07,Wednesday,0.152,-0.508,0.744
0,2019-02-27 11:04:09,Wednesday,0.148,-0.512,0.744
0,2019-02-27 11:04:12,Wednesday,0.148,-0.512,0.736
0,2019-02-27 11:04:15,Wednesday,0.14,-0.508,0.752
0,2019-02-27 11:04:18,Wednesday,0.148,-0.508,0.748
0,2019-02-27 11:04:20,Wednesday,0.144,-0.508,0.732
0,2019-02-27 11:04:23,Wednesday,0.144,-0.508,0.74
0,2019-02-27 11:04:26,Wednesday,0.144,-0.512,0.74
0,2019-02-27 11:04:28,Wednesday,0.152,-0.512,0.736
0,2019-02-27 11:04:31,Wednesday,0.152,-0.512,0.74
0,2019-02-27 11:04:34,Wednesday,0.152,-0.512,0.74
0,2019-02-27 11:04:36,Wednesday,0.148,-0.508,0.752
0,2019-02-27 11:04:39,Wednesday,0.148,-0.508,0.744
0,2019-02-27 11:04:42,Wednesday,0.148,-0.512,0.736
0,2019-02-27 11:04:45,Wednesday,0.144,-0.512,0.744
0,2019-02-27 11:04:48,Wednesday,0.156,-0.504,0.74
0,2019-02-27 11:04:51,Wednesday,0.148,-0.516,0.74
0,2019-02-27 11:04:54,Wednesday,0.144,-0.504,0.748
0,2019-02-27 11:04:57,Wednesday,0.148,-0.512,0.74
0,2019-02-27 11:05:00,Wednesday,0.148,-0.512,0.74
0,2019-02-27 11:05:04,Wednesday,0.144,-0.512,0.736
0,2019-02-27 11:05:07,Wednesday,0.148,-0.512,0.744
0,2019-02-27 11:05:09,Wednesday,0.152,-0.512,0.74
0,2019-02-27 11:05:12,Wednesday,0.148,-0.512,0.736
0,2019-02-27 11:05:15,Wednesday,0.14,-0.512,0.74
0,2019-02-27 11:05:18,Wednesday,0.156,-0.516,0.74
0,2019-02-27 11:05:22,Wednesday,0.148,-0.512,0.744
0,2019-02-27 11:05:25,Wednesday,0.152,-0.512,0.74
0,2019-02-27 11:05:28,Wednesday,0.148,-0.516,0.74
0,2019-02-27 11:05:31,Wednesday,0.148,-0.512,0.744
0,2019-02-27 11:05:34,Wednesday,0.148,-0.512,0.74
0,2019-02-27 11:05:36,Wednesday,0.152,-0.512,0.752
0,2019-02-27 11:05:39,Wednesday,0.144,-0.508,0.728
0,2019-02-27 11:05:42,Wednesday,0.148,-0.512,0.74
0,2019-02-27 11:05:45,Wednesday,0.148,-0.512,0.744
0,2019-02-27 11:05:48,Wednesday,0.144,-0.516,0.744
0,2019-02-27 11:05:59,Wednesday,0.152,-0.512,0.74
0,2019-02-27 11:06:02,Wednesday,0.148,-0.516,0.736
0,2019-02-27 11:06:05,Wednesday,0.148,-0.512,0.744
0,2019-02-27 11:06:07,Wednesday,0.152,-0.508,0.736
0,2019-02-27 11:06:10,Wednesday,0.144,-0.512,0.74
0,2019-02-27 11:06:13,Wednesday,0.152,-0.512,0.748
0,2019-02-27 11:06:16,Wednesday,0.152,-0.512,0.74
0,2019-02-27 11:06:19,Wednesday,0.148,-0.512,0.74
0,2019-02-27 11:06:21,Wednesday,0.152,-0.508,0.744
0,2019-02-27 11:06:24,Wednesday,0.148,-0.512,0.744
0,2019-02-27 11:06:27,Wednesday,0.152,-0.508,0.74
0,2019-02-27 11:06:30,Wednesday,0.148,-0.512,0.74
0,2019-02-27 11:06:33,Wednesday,0.148,-0.512,0.744
0,2019-02-27 11:10:53,Wednesday,0.108,-0.548,0.708
0,2019-02-27 11:10:56,Wednesday,0.116,-0.564,0.712
0,2019-02-27 11:10:59,Wednesday,0.108,-0.556,0.708
0,2019-02-27 11:11:02,Wednesday,0.108,-0.56,0.712
0,2019-02-27 11:11:05,Wednesday,0.116,-0.564,0.712
0,2019-02-27 11:11:08,Wednesday,0.116,-0.56,0.712
0,2019-02-27 11:11:10,Wednesday,0.108,-0.552,0.708
0,2019-02-27 11:11:13,Wednesday,0.112,-0.556,0.708
0,2019-02-27 11:11:16,Wednesday,0.108,-0.552,0.708
0,2019-02-27 11:11:19,Wednesday,0.112,-0.56,0.708
0,2019-02-27 11:11:22,Wednesday,0.108,-0.556,0.708
0,2019-02-27 11:11:25,Wednesday,0.108,-0.56,0.712
0,2019-02-27 11:11:28,Wednesday,0.348,0.036,-1.076
0,2019-02-27 11:11:31,Wednesday,0.6,1.584,-0.192
0,2019-02-27 11:11:34,Wednesday,0.704,0.768,-0.372
0,2019-02-27 11:11:37,Wednesday,0.708,0.768,-0.368
0,2019-02-27 11:11:39,Wednesday,0.712,0.764,-0.364
0,2019-02-27 11:11:42,Wednesday,0.7,0.772,-0.368
0,2019-02-27 11:11:45,Wednesday,0.7,0.772,-0.368
0,2019-02-27 11:11:48,Wednesday,0.652,0.732,-0.352
0,2019-02-27 11:11:51,Wednesday,0.696,0.772,-0.368
